title,author,genre_id,genre,ISBN,description_aladin,description_naver,salesPoint,mallType
그들이 말하지 않는 23가지,"장하준 (지은이), 김희정, 안세민 (옮긴이)",88020,국내도서>경제경영>[경제경영 사상가 20인]>장하준,9788960511194,"세계적인 경제학자 장하준 케임브리지 대학 교수가 『나쁜 사마리아인들』 이후 3년 만에 내놓은 책으로,그 동안 신자유주의를 강력하게 비판해온 장교수의 2008년 세계금융위기 이후 첫 단행본이다. 책은 우리가 무심코 불가피한 것으로 받아들이곤 하는 경제 문제 23가지에 대해 역사적 사실(史實)과 주변 사례(事例)를 가지고 그 이면을 짚어 준다. 영국에서는 책이 나오자마자 아마존 경제 부문 1위에 올랐으며 이후 미국, 일본, 러시아, 독일, 네덜란드, 대만, 태국 등 모두 9개국에서 출간 또는 출간이 예정되어 있다.","전문 지식 없이도 경제 시민으로서의 권리를 행사할 수 있다!

세계적인 경제학자이자 로 주목을 받았던 장하준 교수가 들려주는 자본주의 이야기『그들이 말하지 않는 23가지』. 저자는 자본주의가 수많은 문제점과 제약에도 불구하고 인류가 만들어낸 가장 좋은 경제 시스템이라고 말한다. 다만 문제는 지난 30여 년간 세계를 지배해온 특정 자본주의 시스템, 즉 자유 시장 자본주의라는 것이다. 이 책은 자본주의가 실제로 어떻게 돌아가고, 어떻게 하면 더 잘 돌아가게 할 수 있는지를 이해하도록 돕는다. '경제 시민으로서의 권리'를 행사해서 의사 결정권을 가진 사람들에게 올바른 길을 선택하도록 요구하기 위해서 전문 지식이 꼭 필요한 것은 아님을 보여준다. 주요 원칙과 기본적인 사실만 알고 있어도 경제 문제에 대해 말할 수 있음을 강조한다.",31697,BOOK
정의란 무엇인가,"마이클 샌델 (지은이), 이창신 (옮긴이)",51449,국내도서>인문학>서양철학>윤리학/도덕철학,9788934939603,"전미 언론이 격찬하고 하버드대학교에서 가장 인기 있고 영향력 있는 수업으로 손꼽혔던 샌델 교수의 실제 하버드대 강의 〈Justice〉를 바탕으로 쓴 책이다. 자유지상주의에서 공리주의, 아리스토텔레스에서 존 롤스까지 실제 수업을 바탕으로 누구나 빠지는 도덕적 딜레마에서 무엇이 옳은 일인가를 가장 흥미롭고 도발적으로 풀어낸 역작으로 정치철학의 중대한 질문을 오늘날의 골치 아픈 문제에 접목시켜 명쾌하게 대답한다. 
","정의론의 세계적 석학, 마이클 샌델 교수의 생기 넘치는 강의실로 초대한다!

정의론 분야의 세계적 학자이자, 공동체주의 이론의 대표적인 4대 이론가로 손꼽히는 샌델 교수의 실제 하버드대 강의 'Justice(정의)'를 바탕으로 쓴『정의란 무엇인가』. 7천명도 채 안 되는 학부생 가운데 무려 천 명의 학생들이 듣는 마이클 샌델의 'Justice(정의)'강의는 하버드대학교에서 가장 인기 있고 영향력 있는 수업으로 손꼽힌다. 자유사회의 시민은 타인에게 어떤 의무를 지는가, 정부는 부자에게 세금을 부과해 가난한 사람을 도와야 하는가, 자유시장은 공정한가, 진실을 말하는 것이 잘못인 때도 있는가, 도덕적으로 살인을 해야 하는 때도 있는가 등 우리가 시민으로 살면서 부딪히는 어려운 질문들을 설득력 있게 풀어간다.",63281,BOOK
이상한 나라의 앨리스,"루이스 캐럴 (지은이), 존 테니엘 (그림), 김경미 (옮긴이)",48875,국내도서>어린이>동화/명작/고전>세계명작,9788949140889,19세기 루이스 캐럴이 꼬마 친구 앨리스 리델을 위해 쓴 <이상한 나라의 앨리스>를 완역했다. 새로운 세계에 대한 무한한 상상력을 불어넣은 판타지의 고전이자 아동문학의 고전 작품이다. 삽화는 존 테니얼의 것. 책 뒤쪽에 루이스 캐럴의 생애와 연보가 실려 있다. 비룡소 클래식 열여섯번째 권이다.,"어느 따분한 날, 앨리스는 회중시계를 꺼내 보는 토끼를 따라 이상한 나라로 들어간다. 그곳에서 앨리스는 몸이 커지기도 하고 작아지기도 한다. 눈물의 연못에 빠지기도 하고 기묘한 동물들과 만나는 등 우습고도 황당한 일을 겪는다. 담배 피우는 애벌레, 가발 쓴 두꺼비, 체셔 고양이 같은 희한한 동물들과 이야기를 나누고 프럼프 나라에 가서 여왕과 함께 크로케 경기도 한다. 이상한 나라에는 말도 안 되는 일들이 한없이 뒤죽박죽 얽혀 있다....",10653,BOOK
아름다운 마무리,법정(法頂) (지은이),52906,국내도서>에세이>명사에세이>기타 명사에세이,9788995904961,"&lt;홀로 사는 즐거움&gt; 이후 4년 6개월 만에 펴내는 법정 스님의 산문집. 종속된 삶이 아니라 스스로 선택한 자유인의 삶을 사는 법, 순간 속에서 영원을 발견하고 순수와 본질의 세계를 회복하는 길을 안내한다. 지난해, 병으로 삶과 죽음의 경계를 넘나든 스님이 병상에서 발견한 생각과 깨달음을 책 속에 담았다.",,27068,BOOK
내 인생에 힘이 되어준 한마디 - 정호승 산문집,정호승 (지은이),51398,국내도서>에세이>명언/잠언록,9788992036047,"시인 정호승의 삶에 힘과 위안을 주었던 한마디 말을 소개하는 책이다. 절망의 문턱에 서 있을 때, 한마디 말이 자신의 삶에 어떻게 투영되어 어떤 역할을 했는지를 들려준다. 다른 사람의 말 한마디가 큰 힘과 용기를 주었던 기억, 책에서 읽은 한 줄의 글귀에서 위로를 받았던 경험들을 이야기로 풀어냈다.","시인 정호승의 삶에 힘과 위안을 주었던 한마디 말을 소개하는 책이다. 절망의 문턱에 서 있을 때, 한마디 말이 자신의 삶에 어떻게 투영되어 어떤 역할을 했는지를 들려준다. 다른 사람의 말 한마디가 큰 힘과 용기를 주었던 기억, 책에서 읽은 한 줄의 글귀에서 위로를 받았던 경험들을 이야기로 풀어냈다.



세계적 문호의 말, 신부님과 스님의 말, 평범한 사람들의 말, 정호승 시인의 어머니의 말, 시인이 자기 자신에게 한 말. 지은이가 가슴속에 담아두었다가, 힘들 때 마다 되새기며 인생의 소중한 양분으로 삼았던 말들이 담겨 있다.",23796,BOOK
유년기의 끝,"아서 C. 클라크 (지은이), 정영목 (옮긴이)",89481,국내도서>소설/시/희곡>과학소설(SF)>외국 과학소설,9788952716927,"원제 'Childhood's End', '유년기의 끝' 또는 '유년기의 종말'로 불리는 이 소설은 단순히 적이나 동료가 아닌 보다 신비로운 모습의 외계생명체를 등장시켰다. 인류가 그 외계인과 맺는 관계의 모습 또한 최고의 상상을 발휘한 것이다.",,4802,BOOK
카산드라의 거울 1,"베르나르 베르베르 (지은이), 임호경 (옮긴이)",50921,국내도서>소설/시/희곡>프랑스소설,9788932910680,"한국인 김예빈이 주역으로 등장한다는 사실 때문에, 그리고 베르베르의 기존 작품과 성격이 확연히 다르다는 점 때문에 일찍부터 화제를 모았던 베르나르 베르베르의 2010년 작. 미래를 생각하는 몽상가들에게 덧씌운 '저주'를 고발하는 작품으로, 베르베르는 '쓰레기 하치장'을 주요한 무대의 하나로 삼아 현대 문명을 은유하고, 그 속에 밴 '현실의 악취'까지 고스란히 담아 낸다.","미래를 볼 수 있다면, 그것을 바꿀 수 있을까?

'미래'를 화두로 삼은 베르나르 베르베르의 소설 『카산드라의 거울』 제1권. 한국인이 주연급으로 등장한다는 점 때문에 출간 전부터 화제를 모았던 작품으로, 베르베르의 기존 작품들과 다른 성격을 보여준다. 미래를 예언하지만 정작 자신의 과거는 전혀 모르는 17살 소녀 카산드라. 자폐증으로 주변과의 소통이 쉽지 않은 카산드라는 고아 기숙 학교에서 탈출하여 파리 외곽의 쓰레기 하치장으로 흘러 들어간다. 그리고 그곳에서 왕년의 외인부대원, 전직 에로 영화배우, 한때의 아프리카 흑인 주술사, 탈북자 출신의 한국인 컴퓨터 천재를 만난다. 네 명의 노숙자들과 함께 재앙을 막으려는 카산드라의 노력은 온갖 모험으로 이어지는데….",6391,BOOK
종이 여자,"기욤 뮈소 (지은이), 전미연 (옮긴이)",50921,국내도서>소설/시/희곡>프랑스소설,9788984371071,"&lt;그 후에&gt; &lt;구해줘&gt; &lt;사랑하기 때문에&gt; 등 출간하는 소설마다 베스트셀러 1위를 기록하는 작가 기욤 뮈소의 일곱 번째 소설. 복잡한 수식이나 특별한 수사법에 기대지 않고 본능적으로 서스펜스를 빚기도 하고, 복잡다단한 이야기를 빠르고 경쾌한 흐름 속에서 일관되게 통합해내는 기욤 뮈소 매직이 이번 소설에서도 유감없이 발휘된다.","열정이 고갈된 베스트셀러 작가 앞에 나타난 소설 속 여주인공!

프랑스 문학계를 대표하는 젊은 작가 기욤 뮈소가 선보이는 판타스틱 러브 어드벤처 『종이 여자』. 2010년에 발표되어 큰 인기를 얻었던 작품으로, 어느 베스트셀러 작가와 그의 소설 속에 나오는 여주인공이 펼치는 사랑 이야기를 그리고 있다. LA의 빈민가에사 나고 자란 톰 보이드는 어린 시절에 겪은 경험을 살려 집필한 소설로 베스트셀러 작가가 된다. 하지만 사랑에 실패하면서 크게 절망하고, 좀처럼 창작에 대한 열정과 의지를 회복하지 못한다. 그러던 어느 날, 소설 속 인물을 자처하는 여인 빌리가 그의 앞에 나타난다. 인쇄소의 잘못으로 파본이 된 톰의 소설 속에서 나왔다고 말하는 빌리. 톰이 펜을 놓는다면 그녀는 죽을 수밖에 없는 운명인데….",11851,BOOK
아프니까 청춘이다 - 인생 앞에 홀로 선 젊은 그대에게,김난도 (지은이),51371,국내도서>에세이>한국에세이,9788965700036,"네이버와 싸이월드에서 '아무리 독한 슬럼프 속에서라도, 여전히 너는 너야'라는 글 '슬럼프'로 수많은 청춘들의 가슴을 울린 서울대학교 김난도 교수가 여러 매체에 기고했던 글을 비롯한 총 42편의 글을 묶었다. 저자는 학생들과 교정에서 매일같이 부대끼며, 또 인터넷으로 청춘들과 쉼 없이 소통하며 그들만의 아픔을 헤아려 수많은 청춘들의 공감을 얻어왔다.","인생의 홀로서기를 시작하는 청춘을 위한 김난도 교수의 따뜻한 멘토링!

불안한 미래와 외로운 청춘을 보내고 있는 이 시대 젊은이들에게 보내는 편지 『아프니까 청춘이다』. 수많은 청춘들의 마음을 울린 김난도 교수가 여러 매체에 기고했던 글을 비롯해 총 42편의 격려 메시지를 하나로 묶어 소개한다. 네이버와 싸이월드를 통해 청춘들의 공감을 얻어내는 멘토링을 던져왔던 김난도 교수는 서울대학교 학생들이 뽑은 최고의 멘토이기도 하다. 그는 미래에 대한 불안감으로 힘들어하는 이들에게 따뜻한 위로의 글을 전한다. 또 때로는 차가운 지성의 언어로 청춘들이 미처 생각하지 못한 깨달음을 일깨워주어 아무리 독한 슬픔과 슬럼프를 만나더라도 스스로 극복하고 이겨낼 수 있는 용기를 전한다.",73345,BOOK
오두막 편지 - 개정판,법정(法頂) (지은이),51637,국내도서>종교/역학>불교>불교 문학,9788957090930,"강원도 산골의 화전민이 살던 오두막. 전기도 들지 않는 그곳에서 법정 스님은 개울물을 길어 밥을 하고, 손수 만든 땔감으로 불을 지피고, 그 불로 물을 끓여 차를 달인다. 그리고 세상을 향해 편지를 쓴다. 이렇게 쓴 50편의 글을 모은 책이 <오두막 편지>. 소박하고 간소한 삶에서 우러나온 향기가 글마다 묻어난다.",,10655,BOOK
4개의 통장 - 평범한 사람이 목돈을 만드는 가장 빠른 시스템,고경호 (지은이),2225,국내도서>경제경영>재테크/투자>재테크/투자 일반,9788993285550,평범한 사람이 목돈을 만드는 가장 빠른 시스템으로 '자동 돈 관리 시스템'을 소개한다. '자동 돈 관리 시스템'은 통장 4개를 이용해 돈의 용도를 구분하여 자동으로 돈이 쌓이고 불어나게 하는 통장 관리의 기술이다. 소중하게 번 돈을 모으고 묶고 굴리며 부자의 길을 걷게 하는 비법을 알려준다.,"4개의 통장으로 구성된 돈 관리 시스템!

이 책은 일반인들이 땀 흘려 번 소중한 돈을 잘 관리하는 시스템을 소개한다. 통장 4개를 이용해 돈의 용도를 명확히 구분하고, 자동으로 돈이 쌓이고 불어나게 하는 통장 관리기술이다. 저자는 재테크의 기본인 '돈 관리'를 통해 생활 속에서 자연스럽게 그리고 건전하게 재테크에 접근할 수 있도록 도와준다. 

지출을 통제하고, 예비자금을 보유하고, 장기간 투자하는 습관을 계속 유지하기 위해 4개의 통장을 이용해 돈을 모으고, 묶고, 굴리는 방법을 알려준다. 여기서 말하는 4개의 통장은 급여 수령 및 고정 지출 관리용인 '급여 통장', 변동 지출 관리용인 '소비 통장', 예비 자금 관리용인 '예비 통장', 투자 관리를 위한 '투자 통장'이다.

저자가 상담했던 사례들과 자신의 실제 돈 관리 방식을 종합해 발견한 효과적인 시스템이다. 고수익을 얻는 재테크 비법이나 일급 투자 노하우를 알려주지는 않는다. 돈 관리에 명심해야 할 원칙과 투자 기본기를 전수한다. 어디서부터 어떻게 가정의 재무관리를 진행해야 할지 몰라 애태우는 이들에게 유용한 책이 될 것이다.",33269,BOOK
앤서니 브라운의 마술 연필,"앤서니 브라운, 꼬마 작가들 (지은이), 서애경 (옮긴이)",35137,국내도서>유아>그림책>나라별 그림책>유럽,9788901113241,"웅진 세계 그림책 시리즈 136권. 케이트 그린어웨이 상, 안데르센 상 등 다양한 그림책 관련 상을 수상한 바 있는 세계 최고의 그림책 작가 앤서니 브라운의 그림책. 영국에서 ‘마술 연필’을 주제로 열린 그림책 대회에서 수상한 30명의 꼬마 작가들의 글과 그림에 앤서니 브라운의 그림이 환상적으로 어우러져 재미있고 독창적인 그림책을 만들어냈다.","앤서니 브라운과 꼬마 작가들이 마술 연필로 그린 환상적인 그림책!

2010년 초 영국의 더 선 신문사와 하퍼콜린스 출판사에서 어린이 그림책 대회가 열렸다. 이 대회는 앤서니 브라운이 먼저 마술 연필을 가진 꼬마곰 이야기를 시작하고, 어린이들이 나머지 이야기를 완성하는 형식으로 진행되었다.『마술 연필』은 세계적인 그림책 작가 앤서니 브라운과 꼬마 작가들이 함께 만든 그림책으로, 앤서니 브라운의 꼬마곰 캐릭터와 아이들이 그린 사자, 거인, 공룡, 꽃, 뱀 등 다양한 동식물들이 어우러져 이야기를 펼쳐나간다. 이 책을 읽으면서 아이들도 자신의 글과 그림으로 세상에서 한 권뿐인 나만의 그림책을 만들어 볼 수 있다.",9969,BOOK
리딩으로 리드하라 - 세상을 지배하는 0.1퍼센트의 인문고전 독서법,이지성 (지은이),70222,국내도서>자기계발>시간관리/정보관리>정보관리,9788954613026,"『꿈꾸는 다락방』이지성이 ‘인문고전 읽기’를 통해 미래를 바꾸는 힘을 제시하는 책. 고대부터 현대까지 인류 역사를 움직여온 위대한 개인, 조직, 국가 뒤에는 항상 탄탄한 인문고전 독서 전통이 자리하고 있었음을 밝히고 그 중요성을 역설하며, 기존의 방식을 훌쩍 뛰어넘어 새로운 영역을 창조해온 천재들의 독서법을 공개한다.","의 이지성이 제안하는 인문고전 읽기!

카네기, 워런 버핏, 이병철, 정주영이 황금 손이 될 수 있었던 밑바탕은 무엇일까? 알렉산더, 세종과 정조 등 희대의 국가 경영자들의 공통점은? 아인슈타인, 뉴턴, 처칠, 에디슨이 사고뭉치에서 위대한 천재로 탈바꿈한 비결은? 의 이지성은 그 비밀이 모두 인문고전 독서에 있다고 말하며, '인문고전 읽기'를 통해 미래를 바꾸는 힘을 제시한다. 누구도 시도하지 않았던 차별화된 시각과 명쾌한 논리로 수천 년간 강대국과 지배계급만이 쉬쉬하며 이어온 성공의 비밀을 파헤치고 있다.",29759,BOOK
공지영의 지리산 행복학교,공지영 (지은이),52904,국내도서>에세이>명사에세이>문인에세이,9788993824469,"&lt;우리들의 행복한 시간&gt; &lt;봉순이 언니&gt;의 작가 공지영의 에세이. 2010년 「경향신문」에 연재한 글을 모았다. 어느 날 지리산으로 떠나버린 우리들의 친구들은 자발적 가난을 선택하고 행복학교를 짓는다. 도심 속에서 인터넷으로 쇼핑을 즐기는 꽁지 작가는 서울을 떠날 수는 없지만 그들이 만든 요절복통, 즐겁고 명랑한 행복학교 엿보기에 빠져드는데…",,9530,BOOK
생각 버리기 연습,"코이케 류노스케 (지은이), 유윤한 (옮긴이)",70238,국내도서>자기계발>힐링>마음 다스리기,9788950926298,"쓸데없고 부정적인 생각은 우리를 혼란스럽게 만들어 실패를 가져온다. 하지만 이런 잡다한 생각을 멈추기란 쉬운 일이 아니다. 일본 전서점 베스트셀러의 저자인 코이케 류노스케 스님은 우리를 괴롭히는 잡념의 정체를 짚어내며, 일상에서 바로 실천할 수 있는 생각 버리기 연습을 제시한다.","생각병을 치유하다!

일본 쓰키요미지 주지 스님으로 일반인을 위한 좌선 지도를 해온 코이케 류노스케의 『생각 버리기 연습』. 뇌의 역할을 지나치게 강조하고 감사하게 여기는 풍조를 뒤엎을 '휴뇌법'을 공개한다. '생각 버리기 연습'을 통해 우리를 끝없이 괴롭히는 잡념의 정체를 밝혀, 그것을 완전히 없애는 방법을 배울 수 있다. '말하기'부터 '기르기'까지 8가지 영역으로 나누어 일상생활에서 쉽게 실천하도록 인도한다. 특히 생각하지 않고 오감으로 느낌으로써 어지러운 마음을 서서히 사라지게 하도록 이끌고 있다. 뇌를 쉬게 할 뿐 아니라, 충전하여 날카로움과 명철함으로 가득한 새로운 세계로 들어서게 될 것이다.",22180,BOOK
바보처럼 공부하고 천재처럼 꿈꿔라,신웅진 (지은이),32663,국내도서>청소년>청소년 인물,9788976772435,반기문 유엔 사무총장이 세계의 청소년에게 전하는 꿈과 희망의 메시지. '외교관'이라는 꿈의 씨앗을 가슴속에 품었던 한 시골 소년이 많은 역경을 이겨내고 마침내 '세계의 대통령'이 되기까지의 과정을 담은 우리 시대의 희망 이야기이다.,,42433,BOOK
해커스 토익 Reading (단어암기장 및 해설서 포함) (Hackers TOEIC Reading) - 3판,David Cho (지은이),49854,국내도서>외국어>토익>Reading,9788990700582,"최신 경향을 반영하여 문법, 독해, 어휘를 종합 구성한 토익 리딩의기본서. 또한 많은최신의 실전문제를포함하고 있는 실전서이기도 하다. Grammar 섹션의 일목요연한 포인트 문법설명과 Vocabulary/Reading 섹션의 출제유형 및 핵심 전략으로 토익의 경향을 정리한 후, 실전보다 더 실전다운 토익 문제를 풀어봄으로써, 가장 효율적이고도 확실한 방법으로 토익실전을 대비할 수 있도록 하였다.",,32899,BOOK
"국어 교과서 작품 읽기 중1 세트 (최신판, 전3권) (특별부록 : 국어 교과서 작품 읽기 100% 활용하기)","김규중, 왕지윤, 한은영 (엮은이)",36379,국내도서>청소년>중등교육과정,9788936459901,초판과 비교했을 때 60% 이상의 작품 교체가 이루어진 2013년 개정판이다. 2009 개정 교육과정에 따라 새로이 발표된 개정 교과서 16종 교과서에 실린 수백 편의 작품을 현직 국어 교사 9명이 꼼꼼히 읽고 분석해 작품을 엄선하였다.,"책 읽는 즐거움에 국어 실력까지 쑥쑥!

『국어교과서 작품읽기』시리즈 세트. 중학교 1학년 교과서에 실린 문학 작품 가운데 중학생들이 반드시 읽어야 하는 작품을 엄선한 시리즈다. 23종 검정 교과서에는 각 집필진이 뽑은 흥미롭고 다양한 색깔의 작품들이 실려 있고, 작품의 수준도 교과서마다 조금씩 다른 것이 현실이다. 이를 감안하여 ‘국어 교과서 작품 읽기’ 시리즈는 중학교 1학년 수준에 좀 더 알맞은 작품, 여러 교과서에 중복해서 실린 작품, 교육적인 효과가 크다고 생각되는 작품 들을 우선적으로 골라 넣었다.  [전3권]",14615,BOOK
"친구가 되어 주실래요? - 감동 휴먼 다큐 '울지마 톤즈' 주인공 이태석 신부의 아프리카 이야기, 증보판",이태석 (지은이),51624,국내도서>종교/역학>가톨릭>가톨릭 문학,9788984812963,"의술로, 음악으로 사랑을 나누는 선교 사제 쫄리 신부의 아프리카 이야기를 담은 책. 사제라는 신분을 넘어 서서 평범한 이웃의 한 사람으로, 아픈 곳을 살피고 치료해 주는 의사로, 그리고 다양한 악기와 즐거운 노래를 가르치는 음악 선생님으로, 가난한 이들의 친구로 살다간 이태석 신부의 체험이 담긴 에세이이다. 2009년 출간된 책의 증보판.","故 이태석 신부의 감동 휴먼 다큐

감동 휴먼 다큐 ‘울지마 톤즈’의 주인공 이태석 신부의 아프리카 이야기 『친구가 되어 주실래요?』. 이 책은 한 수도 사제의 아프리카 사랑 이야기이다. 장래가 보장괸 의사의 길을 버리고 사제가 되어 아프리카로 떠난 청년 의사 이태석. 그가 암으로 생을 마감하기까지 8년여 동안의 가슴 뭉클한 삶의 기록을 담아냈다. 가난을 부유함으로, 고통을 기쁨으로, 척박한 땅을 비옥한 땅으로 바꾸어 줄 수는 없지만, 그 가난과 고통을 함께하며 살고자 떠난 곳에서 만난 지구 반대편 이웃들의 삶을 감동적으로 그려냈다.",9995,BOOK
나쁜 사마리아인들 - 장하준의 경제학 파노라마,"장하준 (지은이), 이순희 (옮긴이)",88020,국내도서>경제경영>[경제경영 사상가 20인]>장하준,9788960510197,"&lt;사다리 걷어차기&gt;, &lt;쾌도난마 한국경제&gt;의 장하준 교수가 처음으로 보통 사람들을 염두에 두고 집필한 본격 교양 경제서. 자유 무역이 진정 개발도상국에게도 도움이 되는지, 경제를 개방하면 외국인 투자가 정말 늘어나는지 등 우리 시대의 현안들에 대해 우리에게 널리 알려진 책이나 영화 등을 소재로 유쾌하면서도 신랄하게 답해 준다.",,42710,BOOK
아웃라이어 - 성공의 기회를 발견한 사람들,"말콤 글래드웰 (지은이), 노정태 (옮긴이), 최인철 (감수)",88002,국내도서>경제경영>[경제경영 사상가 20인]>말콤 글래드웰,9788934933151,"&lt;블링크&gt; &lt;티핑포인트&gt;의 저자 말콤 글래드웰이 성공의 화두를 던지며 돌아왔다. 그 동안 우리가 알고 있던 성공의 법칙은 모두 틀렸다며, 각 분야별 다양한 아웃라이어들의 성공 비결을 소개한다. 이 책은 보통 사람의 범위를 넘어서는 비범한 사람들에 관한 이야기지만, 그들이 '타고난' 천재는 아님을 강조한다. 특별한 기회와 역사·문화적 유산의 두 측면이 어떻게 그들을 아웃라이어로 만들었는지를 파헤친다.","'특별한 기회'와 '역사문화적 유산'의 두 측면에서 상위 1%의 성공비결을 분석!

이 책은 글로벌 베스트셀러인『티핑포인트』『블링크』의 저자 말콤 글래드웰의 저서이다. 컴퓨터 황제 빌 게이츠, 프로그래밍 귀재 빌 조이, 록의 전설 비틀스 등 이 시대 아웃라이어들이 성공할 수 있었던 결정적인 비밀을 파헤친다. 그 동안 우리가 보지 못했던 성공의 색다른 측면을 제시한다.

제목은 '아웃라이어'는 본체에서 분리되거나 따로 분류되어 있는 물건, 또는 표본 중 다른 대상들과 확연히 구분되는 통계적 관측치를 의미한다. 이 책에서는 보통 사람들의 범주를 뛰어넘은 특별한 사람, 즉 천재를 뜻한다. 본문은 21세기 성공의 새로운 모델로 이 아웃라이어를 주목하며 성공과 부의 비밀을 밝힌다.

1부에서는 성공한 사람들의 흔해 빠진 최루성 신파극이나 평범한 사람이 감히 접근접할 수 없는 영웅들의 무용담 대신, 성공하는 사람들이 누렸던 행운과 그들이 태어난 시대적 배경 및 세대 등의 요인을 객관적으로 살펴본다. 2부에서는 개인은 결국 사회라는 문화적 테두리 안에서 성공할 수 밖에 없다는 것을 강조한다.",25364,BOOK
살아 있는 것은 다 행복하라 - 법정 잠언집,"법정(法頂) (지은이), 류시화 (엮은이)",51637,국내도서>종교/역학>불교>불교 문학,9788995757703,"2006년, 법정 스님의 출가 50년을 기념하여 출간된 잠언집. 무소유, 자유, 단순과 간소, 홀로 있음, 침묵, 진리에 이르는 길과 인간 존재에 대한 성찰을 담았다. 류시화 시인이 스님이 남긴 글과 법문들 중에서 130여 편을 선별하여 엮었다. 사진작가 마이클 케나가 찍은 사진이 글과 함께 어우러져 있다.",,21229,BOOK
책 읽는 도깨비,"이상배 (글), 백명식 (그림)",48874,국내도서>어린이>동화/명작/고전>국내창작동화,9788961551328,"책방에 가는 기쁨, 책을 사는 기쁨, 책을 읽는 기쁨을 알게 된 세 도깨비들의 이야기. 주인공인 고리짝 도깨비는 돈궤로 쓰는 고리짝이 영물이 되어 도깨비가 되었다. 돈 냄새가 좋아 돈을 모아 돈더미 위에서 먹고 자고, 땅을 많이 사서 부자가 되었다. 그러자 빗자루도깨비와 공책도깨비가 찾아와 함께 지내게 된다.",,18211,BOOK
코믹 메이플 스토리 오프라인 RPG 43,"송도수 (지은이), 서정은 (그림)",49995,국내도서>어린이>TV/만화/영화>만화 일반,9788926391082,"2D RPG 방식의 온라인 게임 '메이플스토리'에 새로운 스토리를 넣어 만들었다. 게임에 등장하는 캐릭터에 맞는 성격과 특징, 기술 등을 새롭게 부여했다.","『코믹 메이플 스토리 오프라인 RPG』 제43권. 얼떨결에 흙을 삼켜 다크엘프로 변신한 바우는 듀나스와 정면 대결을 펼치고, 팽팽했던 대 결전은 예상치 못한 것을 소환한 바우의 승리로 끝난다. 하지만 다크엘프가 된 바우는 친구들을 알아보지 못한 채 또다시 무차별 공격을 퍼붓고, 이를 보다 못한 델리코는 뭔가를 결심한 듯 바우를 향해 돌진한다. 한편 앤디 영주에게 절대 충성을 맹세한 라케니스는 혼테일에게서 빼앗은 암리타가 든 새장을 바치는데…!!",2337,BOOK
왜 세계의 절반은 굶주리는가?,"장 지글러 (지은이), 유영미 (옮긴이), 주경복, 우석훈",51073,국내도서>사회과학>사회문제>빈곤/불평등문제,9788990809179,2000년부터 유엔 인권위원회의 식량특별조사관으로 활동하고 있는 장 지글러가 기아의 실태와 그 배후의 원인들을 대화 형식으로 알기 쉽게 조목조목 설명해놓고 있는 책.,"전 세계 기아의 실태와 배후 요인들을 대화형식으로 알기 쉽게 소개!

부족한 것 없이 하루하루를 보내는 전 세계의 많은 사람들. 음식점에서는 손만 조금 댄 반찬들이 쓰레기통으로 버려지는 경우가 허다하다. 그러나 우리가 이렇게 음식을 낭비하며 살아가고 있는 지금 이 순간에도 지구 어느 곳에서는 밥 한끼, 빵 한 조각을 먹지 못해 죽어가고 있는 이들이 많다는 것을 알고 있는가?

『왜 세계의 절반은 굶주리는가』는 유엔 인권위원회 식량특별조사관인 장 지글러가 기아의 실태와 그 배후의 원인들을 아들과 나눈 대화 형식으로 설명한다. 전쟁과 정치적 무질서로 인해 구호 조치가 무색해지는 비참한 현실, 소는 배불리 먹으면서 사람은 굶은 모순된 현실 등을 자세히 설명한다.

또한 사막화와 삼림파괴, 도시화와 식민지 정책, 불평등을 야기하는 금융과두지배 등 기아를 발생시키는 정치·사회·경제적인 문제들을 살펴본다. 그리고 구호조직의 활동과 딜레마 속에 사각시대에 놓여 있는 기아들, 부자들의 쓰레기로 연명하는 사람들의 모습을 들려주며 사람이 가져야 할 인정과 지구촌 식구로써 당연히 해야 할 도리를 촉구한다. 

☞ <b>이 책의 독서 포인트!</b>
기아의 원인을 깊숙이 파고든 이 책을 통해 인간의 생사를 가르는 상황들이 얼마나 정치, 경제 질서와 깊은 연관을 맺고 있나를 실감하게 될 것이다. 특히 단순히 이론이나 사례를 나열하며 기아의 객관적 현실을 보여주는 것이 아니라, 사회에 물들지 않은 순수한 아이와의 대화 형식으로 꾸며져 있어 기아의 진실이 한층 더 와닿는다.",41005,BOOK
이야기하며 곤충접기,"올챙이 (글), 정승 (그림)",35113,국내도서>유아>놀이책>유아 만들기/접기,9788937856778,곤충을 소재로 한 동화를 읽고 동화 속에 나온 곤충 20마리를 책 속 설명을 보며 직접 접어볼 수 있다. 다양한 곤충 무늬가 들어간 색종이가 포함되어 있다. 아이들이 좋아하는 곤충에 관한 특징도 책 속 정보를 통해 알 수 있다. '이야기하며 종이 접기' 시리즈의 책.,,2345,BOOK
공부가 되는 세계 명화,글공작소 (지은이),51815,국내도서>어린이>초등 전학년>학습일반,9788994212401,그림에 대한 배경 지식과 함께 작가에 대한 지식을 함께 전달하는 책. 명화에는 자연의 색감과 인간의 상상력 그리고 화가의 세밀한 감정 등이 모두 담겨 있다. 어린 시절부터 명화를 자주 접하고 그 명화의 느낌이 자신도 모르게 몸에 배게 되면 상상력과 창의성이 향상될 것이다.,"명화에는 자연의 색감과 인간의 상상력 그리고 화가의 세밀한 감정 등이 모두 담겨있습니다. 화가가 화폭에 쏟은 모든 감성적, 지적 재산과 최고의 상상력 등을 느끼면서 아이들은 감수성과 창의성을 키울 수 있습니다. 많이 자주 접하는 것이 제일 중요하지만, 명화는 귀하고 자주 보기가 쉽지 않기 때문에 책으로 보여 주는 방법도 좋습니다. 이 책은 종교화가 주를 이루었던 고대 명화부터 현대 명화까지 시대적 배경과 화풍에 따라 달라져온 그림을 보여줍니다.",12775,BOOK
해커스 토익 보카 - 토익 어휘 30일 완성,David Cho (지은이),49857,국내도서>외국어>토익>Vocabulary,9788990700346,토익 공부의 근간인 토익 어휘를 학습자들이 재미있고 쉽게 익힐 수 있게 하기 위해 핵심 기출 단어들을 주제별로 배열하여 30일만에 정복할 수 있도록 일별로 나누어 구성했다. 각 날짜별로 오버뷰와 재미있는 삽화를 수록해 학습의 재미를 더하고 있다.,"토익 기출 어휘 주제별 연상암기 30일 정복! 

해커스 토익에서 새롭게 펴낸 30일 정복 토익 어휘 학습서! 『해커스 뉴토익 Vocabulary』는 토익의 근간이 되는 핵심 기출 단어들을 주제별로 배열하여 30일만에 정복할 수 있도록 일별로 나누어 구성한 책으로, 각 날짜별로 오버뷰와 재미있는 삽화를 수록해 학습의 재미를 더하고 있다. 

최근 7년의 기출문제와 최신 뉴토익 문제를 분석하여 출제빈도가 높은 7200여개의 어휘와 표현을 총망라하였으며, 단어들의 출제 경향을 한눈에 파악할 수 있는 출제포인트를 수록하여 어휘 문제에 효과적으로 대비할 수 있다. 또한 하루치 단어가 출제 빈도에 따라 나뉘어 있어 학습자의 수준에 따라 입체적인 학습이 가능하며, 각 단어들에 출제 파트가 표시되어 있어 취약 파트별 공략이 용이하다. 

▶ 암기 효과를 높일 수 있도록 다양한 형태의 MP3 파일을 챔프스터디(www.ChampStudy.com)에서 유료로 제공하고 있습니다. 학습자의 수준에 맞게 여러 버전으로 구성되어 있어 입문자부터 고급자까지 폭넓게 활용 가능합니다. 

▶ 해커스 토익 홈페이지(www.hackers.co.kr)의 on-line 게시판 학습을 통해 학습자들 간의 자유로운 자료 공유와 토론을 할 수 있는 것은 해커스 토익만의 가장 큰 장점 중의 하나입니다. '해커스책 자료실 게시판'에서 제공되는 다양한 유형의 보카 문제들을 통해 보다 쉽게 어휘 학습이 가능하며, 이외에 매일 매일 올라오는 토익 문제와 영어회화나 시트콤 청취 등 다양한 학습 컨텐츠가 사이트에서 제공됩니다.",25646,BOOK
4천만이 검색한 오늘의 요리 - 네이버 최다 검색인기메뉴를 스타 블로거 요안나가 쉽고 맛있게,이혜영 (지은이),53472,국내도서>요리/살림>생활요리,9788961884310,"하루 평균 방문객 2만 명, 총 방문객 700만에 이르는 파워 블로그 ‘요안나의 행복이 팍팍’의 주인장이자 20년차 베테랑 주부인 요안나의 솜씨로 만나볼 수 있다. 주부들의 가장 큰 고민인 저녁 식사 메뉴뿐만 아니라 아침 식사, 점심 식사는 물론이고 주말 특별식, 만사가 귀찮은 날 후다닥 해먹는 일품 요리, 폼 나는 초대 요리, 간식과 베이킹 등이 두루 담겨 있다.","네이버 최다 검색 인기 메뉴를 파워블로거 요안나가 쉽고 맛있게 소개한 요리책

'오늘 뭐 해먹지?' 를 고민하는 대한민국 평균 주부를 위한 『4천만이 검색한 오늘의 요리』. 대한민국 사람들이 1년간 포털사이트 네이버에서 검색한 요리 중 월별 검색 순위 1위~100위에 오른 요리에서 식탁에 자주 오르는 메뉴를 선별하고 거기에 몇 가지를 더해 모두 186가지 대한민국 대표 메뉴를 담았다. 아침, 점심, 저녁 식사는 물론이고 주말 특별식, 만사가 귀찮은 날 후다닥 해먹는 일품요리, 폼 나는 초대 요리, 간식과 베이킹이 두루 담겨 있다. 각 레서피들은 현재 네이버 오픈캐스트 발행 키친 분야 1위를 차지하고 있는 파워블로거 요안나 이혜영이 쉽고 맛있게 소개한다.",11282,BOOK
일기일회 一期一會,법정(法頂) (지은이),51638,국내도서>종교/역학>불교>불교 경전/법문,9788995904985,"법정 스님 최초의 법문집. 그동안 법정 스님이 대중과 학인을 상대로 법문한 내용을 글로 옮긴 것이다. 서울 성북동 길상사에서 행한 정기법회 법문, 여름안거와 겨울안거의 결제 및 해제 법문, 부처님오신날 법문과 창건법회 법문 등이 근간을 이루고 있으며, 원불교 서울 청운회와 뉴욕 불광사 초청법회 등이 포함되어 있다.",,14960,BOOK
해커스 토익 Listening (테이프 별매) (Hackers TOEIC Listening) (책 + 무료 토익모의고사 + 받아쓰기CD + 단어암기mp3 + 단어암기장 + 해설서) - 개정판(3판),David Cho (지은이),49855,국내도서>외국어>토익>Listening,9788990700568,"최신 경향을 반영하여 Part1에서 Part4까지 종합 구성한 토익 리스닝의 기본서. 또한 많은최신의 실전문제를포함하고 있는 실전서이기도 하다. 각 파트별로 소개된 고득점 전략을 토대로 '기초 다지기'와 '실전 고수 되기'까지 토익 리스닝의 핵심을 단계별로 충분히 습득한 후, 풍부하게 수록된 실전 문제를 풀어봄으로써, 가장 효율적이고도 확실한 방법으로 토익실전을 대비할 수 있도록 하였다.",,24416,BOOK
1Q84 3 - 10月-12月,"무라카미 하루키 (지은이), 양윤옥 (옮긴이)",50998,국내도서>소설/시/희곡>일본소설>1950년대 이후 일본소설,9788954611800,"최단 기간 밀리언셀러 돌파, 19주 연속 종합 베스트셀러 1위를 차지한 무라카미 하루키의 &lt;1Q84 3&gt;권. 덴고와 아오마메의 장이 교차되었던 1,2권과는 달리 3권에서는 덴고와 아오마메, 그리고 독자의 허를 찌르는 제3의 인물이 매 장을 번갈아 진행하게 된다. 과연 덴고와 아오마메는 서로 만나게 될 것인가? 그리고 두 사람은 두 개의 달이 뜨는 1Q84의 세계에서 벗어날 수 있을까?","당신의 하늘에는 몇 개의 달이 떠 있습니까?

무라카미 하루키가  이후 5년 만에 펴낸 장편소설『1Q84』제3권. 해마다 노벨상 후보에 거론되며, 일본은 물론 세계적으로 많은 사랑을 받고 있는 작가 무라카미 하루키. 그가 이번에는 두 남녀의 아련한 첫사랑 이야기인 동시에 '1Q84'를 헤쳐나가며 겪게 되는 환상적인 이야기를 그렸다. 압도적인 이야기의 강렬함과 흡인력이 돋보인다. 스타일리시한 여자 암살자 아오마메와 작가지망생 덴고. 꽉 막힌 고속도로의 비상계단을 내려오면서 다른 세계로 접어든 아오마메와, 천재적인 문학성을 가진 열일곱 소녀 후카에리를 만나 기묘한 사건에 휘말리게 된 덴고 앞에 '1Q84'의 세계가 펼쳐진다. 그들은 몇 개의 달이 떠 있는 하늘 아래에서 만나게 될까?",34049,BOOK
브리다,"파울로 코엘료 (지은이), 권미선 (옮긴이)",50920,국내도서>소설/시/희곡>스페인/중남미소설,9788954612999,"&lt;연금술사&gt;, &lt;베로니카, 죽기로 결심하다&gt;의 작가 파울로 코엘료가 들려주는 운명과 사랑에 관한 이야기. &lt;브리다&gt;는 운명을 찾아나선 스무 살 브리다가 사랑을 찾고 더 나아가 자아를 발견하면서 변모해가는 가슴 뭉클한 여정의 기록이다. 1990년 출간되어 지금까지 전세계 독자들에게 큰 사랑을 받고 있다.","당신은 이번 생에서 무엇을 찾고 있나요?

로 세계적인 베스트셀러 작가로 우뚝 선 작가 파울로 코엘료의 신작『브리다』.  직후에 집필한 운명과 사랑에 관한 가장 아름다운 이야기로, 운명을 찾아나선 스무 살 브리다가 사랑을 찾고 더 나아가 자아를 발견하면서 변모해가는 가슴 뭉클한 여정을 그렸다. 주인공 브리다는 자기 발견의 여정에서 한 현자를 만나 두려움을 극복하는 법을 배우고, 한 여인을 통해 세상 속에 숨어 있는 음악에 맞춰 춤추는 법을 배운다. 그 과정을 통해 작가는 삶의 의미를 생각하고, 성찰할 수 있도록 이끌어준다.",10158,BOOK
"해커스 토익 스타트 Reading (Hackers TOEIC Start Reading) (무료동영상강의) - 초보를 위한 토익 입문서, 4주완성",David Cho (지은이),49854,국내도서>외국어>토익>Reading,9788990700469,"토익 입문자들을 위하여 새롭게 선보인 '토익입문서 Reading'. 수년간 축적된 토익 Know-how 중 초보학습자들에게 꼭 필요한 핵심만을 선별하여 한 권으로 압축하였다. 또한 교재 학습효과를 높이기 위하여 무료로 동영상 강의, 온라인 모의고사, 단어 암기 MP3를 제공한다.",,28234,BOOK
"국어 교과서 작품 읽기 중2 세트 (최신판, 전3권) (특별부록 : 국어 교과서 작품 읽기 중2 가이드북)","이현숙, 김규중, 김영선 (엮은이)",36379,국내도서>청소년>중등교육과정,9788936459888,초판과 비교했을 때 87% 정도의 작품 교체가 이루어진 2013년 개정판이다. 2009 개정 교육과정에 따라 새로이 발표된 개정 교과서 16종 교과서에 실린 수백 편의 작품을 현직 국어 교사 9명이 꼼꼼히 읽고 분석해 작품을 엄선하였다.,,6586,BOOK
네가 있어준다면,"게일 포먼 (지은이), 권상미 (옮긴이)",50919,국내도서>소설/시/희곡>영미소설,9788954613446,"미국의 성장소설 작가 게일 포먼이 2009년에 발표한 소설. 작가의 실제 경험과 오랜 물음에서 우러난 작품이다. 십여 년 전 친구 가족이 교통사고를 당한다. 혼자 살아남았던 남자아이도 끝내 세상을 떠난다. 슬픔과 상실감 속에서 그 아이의 마음을 되짚어보는 사이, 작가는 인간으로 하여금 고통과 절망을 극복하고 삶의 의미를 되찾게 하는 힘에 대해 글로 옮기게 되었다.","미국의 성장소설 작가 게일 포먼이 2009년에 발표한 소설. 작가의 실제 경험과 오랜 물음에서 우러난 작품이다. 십여 년 전 친구 가족이 교통사고를 당한다. 혼자 살아남았던 남자아이도 끝내 세상을 떠난다. 슬픔과 상실감 속에서 그 아이의 마음을 되짚어보는 사이, 작가는 인간으로 하여금 고통과 절망을 극복하고 삶의 의미를 되찾게 하는 힘에 대해 글로 옮기게 되었다. 



열일곱 살 첼리스트 미아는 모든 것을 가진 듯하다. 펑크록 마니아인 부모님은 이해심 깊고, 여덟 살 난 남동생 테디는 귀엽고 사랑스럽다. 나보다 먼저 내 마음을 알아주는 단짝과, 록밴드 보컬인 근사한 남자친구도 있다. 여유롭게 줄리아드 입학 허가를 기다릴 만큼 미아에겐 음악적 재능도 있다.



행복하다고 생각했다. 그러나 어느 겨울 아침, 삶이 송두리째 바뀌고 만다. 눈 깜짝할 사이에 일어난 교통사고는 가족 모두를 데려가고 미아만 홀로 남겨놓는다. 무엇으로도 채울 수 없는 깊은 상실감과 함께. 열일곱 살 미아, 그녀 앞에는 이제 삶 아니면 죽음이라는 가혹한 선택이 기다리고 있는데…. 소설은 죽음을 다루지만, 그 속의 인물과 삶들은 건강하고 생명력이 넘친다.",2600,BOOK
한국사 편지 세트 - 전5권 - 개정판,"박은봉 (지은이), 류동필 (그림)",48904,국내도서>어린이>초등 한국사,9788991221437,"2002년 초판 발행 후 300만 부가 판매된 《한국사 편지》. 대중 역사책을 줄곧 써온 역사 연구가 박은봉이 딸에게 꼭 들려주고 싶었던 우리 역사를 담아낸 책으로, 2012년부터 초등학교 5학년 사회 교과서에 참고도서로 수록되었으며, 이것은 국정 사회과 교과서 사상 최초다.","2002년 초판 발행 후 300만 부가 판매된 《한국사 편지》. 대중 역사책을 줄곧 써온 역사 연구가 박은봉이 딸에게 꼭 들려주고 싶었던 우리 역사를 담아낸 책으로, 2012년부터 초등학교 5학년 사회 교과서에 참고도서로 수록되었으며, 이것은 국정 사회과 교과서 사상 최초다.



저자 박은봉은 책 곳곳에서 어린이가 스스로 생각하고 판단하기를 바라며 수많은 질문을 던지는데, 이러한 집필 의도대로 《한국사 편지》는 필자의 주장이나 관점을 강요하지 않는다. 저자는 한국사를 전공한 역사 연구가로서 내용의 전문성을 확보함은 물론, 정확하고 명쾌한 서술 또한 보여준다.



본문과 사진 캡션까지 더하면 권마다 원고지 600~800매가 넘는 방대한 정보를 담고 있는데, 편지 형식으로 구성되어 있어서 이야기를 읽는 것처럼 술술 읽힌다. 어린이 눈높이와 흥미에 꼭 맞는다는 것, 초등학생들이 스스로 읽어갈 수 있다는 점 또한 《한국사 편지》의 강점이다. 총 다섯 권 안에 한국사에서 다루어야 할 중요 주제를 빠짐없이 망라하면서, 한국사 전체를 관망하는 눈을 갖게 되는 데에 부족함이 없도록 하고자 했다.



※ https://blog.naver.com/prpub 책과함께 블로그를 방문하시면 출간된 도서의 정오표를 확인할 수 있습니다.",25631,BOOK
스무살에 알았더라면 좋았을 것들 - 스탠퍼드대 미래인생 보고서,"티나 실리그 (지은이), 이수경 (옮긴이)",70241,국내도서>자기계발>20대의 자기계발,9788901108384,"스탠퍼드 대학의 ‘기업가정신과 혁신’ 강의를 정리한 것으로, 이 강의는 스탠퍼드의 많은 학생들에게 성공적인 미래인생을 설계할 실질적인 도구를 제공해주는 것으로 명성이 자자하다. 자신만의 방식으로 당당하게 행복을 찾고 나름의 성공을 일군 많은 이들의 사례와 혁신적이고 창의적인 방식으로 여러 과제들을 풀어나가는 스탠퍼드 학생들의 흥미로운 실례를 바탕으로 독자들에게 잠깐 멈춰서 지나온 길을 한번 돌아보고 남은 인생을 좀 더 행복하고 자신 있게 살아갈 방법을 모색하도록 독려한다.","불확실한 세상으로의 행복한 초대

진부하고 평범한 아이디어를 송두리째 뒤집어, 자신과 세상을 완전히 새로운 시각으로 바라보도록 돕는『스무살에 알았더라면 좋았을 것들』. 스탠퍼드대 티나 실리그 교수의 '기업가정신과 혁신' 강의를 정리한 것으로, 혁신적이고 창의적인 방식으로 여러 과제들을 풀어나가는 스탠퍼드 학생들의 흥미로운 실례와 자신만의 방식으로 당당하게 행복을 찾고 나름의 성공을 일군 많은 이들의 사례를 생생하게 보여준다. 미국을 필두로 독일, 일본, 대만, 중국 등 9개국에서 베스트셀러에 오르며 수많은 사람들에게 감동과 희망을 선사하였다.",14104,BOOK
해커스 토익 스타트 Listening (Hackers TOEIC Start Listening) - 토익 리스닝 기초 4주 완성,David Cho (지은이),49855,국내도서>외국어>토익>Listening,9788990700605,"해커스 어학연구소에서 토익 리스닝 기초에 꼭 필요한 내용만을 엄선하여 체계화 한 '초보를 위한 토익 입문서'이다. 왕초보를 위한 기초다지기, 삽화를 통한 어휘 학습 등 다양한 기초 학습 장치를 교재에 수록하여 영어에 두려움을 가진 학습자들도 즐겁게 학습할 수 있도록 구성하였다.","<b>4주 완성의 초보를 위한 토익 입문서</b> 

《해커스 토익 스타트 Listening》은 토익 베스트셀러만을 만들어 낸 해커스 어학연구소에서 《해커스 토익 스타트 Reading》에 이어 토익 리스닝 기초에 꼭 필요한 내용만을 엄선하여 체계화한 ""토익 리스닝 입문서""이다. 왕초보를 위한 기초다지기, 삽화를 통한 어휘 학습을 포함한 다양한 기초 학습 장치를 교재에 수록하여 영어에 두려움을 가진 학습자들도 즐겁게 학습을 시작할 수 있도록 하였다.

교재에 수록된 받아쓰기 CD를 이용하여 교재에서 익힌 내용을 반복 학습함으로써 쉽고 완벽하게 배운 내용을 체득할 수 있으며, 교재를 끝낸 후에는 무료 온라인 토익 모의고사로 자신의 실력을 점검해 볼 수 있다. 본 교재를 통해 흥미를 가지고 영어 리스닝의 기초를 확립할 수 있을 뿐더러, 괄목할 만한 토익 점수 향상을 기대할 수 있다.

[<b>알아두기</b>] 
《해커스 토익 스타트 Listening》와 함께 해커스 토익 웹사이트(www.Hackers.co.kr)에서 무료로 제공하는 AP뉴스 받아쓰기, 시트콤, 영어회화, 매일토익풀기와 같은 다양한 컨텐츠들을 병행하고, 커뮤니티 유저들과 함께 궁금한 점을 나누면 학습효과가 극대화될 것입니다.

▶ <b>함께 제공합니다.</b>
1) 무료 받아쓰기 CD (교재 내 수록) 
2) 무료 온라인 토익 모의고사 (www.ChampStudy.com) 
3) 무료 단어암기 MP3 제공 (www.ChampStudy.com) 

★ <b>별매 정보</b>
테이프 별매(서점) / MP3 별매(Champstudy.com)",17832,BOOK
산에는 꽃이 피네 - 법정 스님 대표 명상집,"법정(法頂) (지은이), 류시화 (엮은이)",51637,국내도서>종교/역학>불교>불교 문학,9788995904992,"<무소유>가 법정 스님의 초기 사상을 대표하는 저서라면 이 책은 그 이후, 특히 강원도 산골 오두막으로 들어가 홀로 생활한 다음부터의 사상을 투명하게 담은 명상집이다. 이 책에서 스님은 자유롭고 충만한 삶을 위해, 가장 나다운 모습으로 피어나기 위해, 묵은 나를 벗고 새로워지기 위해서 어떻게 해야 하는지 이야기한다.",,5996,BOOK
네가 어떤 삶을 살든 나는 너를 응원할 것이다,공지영 (지은이),52904,국내도서>에세이>명사에세이>문인에세이,9788996047636,"장편소설 &lt;즐거운 나의 집&gt;의 연장선상에 있는 산문집. 소설에서 화자로 등장했던 작가 자신의 맏딸 위녕에게 하루에 하나씩 쓴 편지글 형식의 전작(全作)이다. 이제 성인이 된 스무 살 딸이 자기 길을 잘 찾아갈 수 있도록, 인생 선배인 엄마가 들려주는 응원 메시지가 실려 있다. 작가는 편지를 쓰는 과정을 통해 인생 문제로 고민하는 딸과 자신의 '독서체험'을 공유하며, 상황에 맞는 책을 통해 함께 고민하고 배워나간다.",,35351,BOOK
그램그램 영문법 원정대 15 - 대답하라! 퍼펙트의 현재완료 퀴즈,어필 프로젝트 (그림),49222,국내도서>어린이>어린이 영어>영어동화/영어만화,9788964351093,"2006년 2월 첫 권을 선보인 이래  260주 이상 어린이 영어 부문 연속 1위를 차지한 베스트셀러, <그램그램 영문법 원정대> 시리즈가 완결편 15권이 출간되었다. 아이들의 눈높이에 맞추어 복잡한 영문법 원리를 알기 쉽게 설명하는 책으로, 각 단락마다 하나씩의 문법 요소를 다루어 부담 없이 볼 수 있고, 만화 스토리와 캐릭터를 이용한 다양한 형식의 연습 문제를 통해 재미있게 복습도 할 수 있다.","초등학생용 영문법 학습 만화『그램그램 영문법 원정대』제15권 ‘현재완료’편. 이 시리즈는 영문도 모른 채 모모의 마법으로 그램우즈에 들어가게 된 건, 빛나, 피오를 통해 영어의 기본적인 문법을 차근차근 배워나가도록 구성되어 있다. 어려운 용어나 도식화된 문법 설명이 대신 문법을 이해하며 익힐 수 있는 다양한 상황을 제시하였다. 각 단락의 끝에는 만화 스토리와 캐릭터를 이용한 다양한 액티비티 형식의 연습 문제가 실려 있다. 드디어 다크 케이프에 도착한 원정대. 텐스의 도움으로 케이브 안으로 무사히 들어가게 된 원정되는 로열가드의 대장인 퍼펙트를 비롯한 이제껏 보지 못한 수많은 그램펫들의 공격을 받게 되는데…….",3211,BOOK
7번국도 Revisited (특별판),김연수 (지은이),50993,국내도서>소설/시/희곡>한국소설>2000년대 이후 한국소설,9788954613743,"김연수 작가의 장편소설. 1997년 출간되었던 &lt;7번국도&gt;를 뼈대만 그대로 두고 작가가 처음부터 다시 쓴, 전혀 새로운 작품이다. 책장을 펼치고 그 길 위에 다시 올라서서 확인하게 되는 것은, 지난 십삼 년이 간단한 시간의 흐름이 아니라는 것. 그 위(안)에는 소설 속 화자(와 작가 자신)이 지나온 변화의 시간이 함께 들어 있다.","7번국도, 그 길을 다시 가다!

작가 김연수가 13년 만에 새롭게 선보이는 장편소설 『7번국도 Revisited』 특별판. 1997년에 출간된 의 뼈대만 그대로 두고 처음부터 다시 쓴 새로운 작품이다. 그 속에는 소설 속 화자와 작가 자신이 지나온 변화의 시간이 담겨 있다. 작가가 7번국도를 다시 여행하게 된 이야기부터 자동차전용도로가 된 후 자전거여행은 할 수 없게 된 사정, 그리고 7번국도를 다시 쓰겠다고 마음먹은 이야기 등 소설 밖 작가의 시간까지 엿볼 수 있다. 지난 십여 년간 더욱 성숙해진 작가의 역량을 더해, 형식과 내용이 절묘하게 어우러지는 독특한 이야기를 선보인다. 특별판에는 뮤지션 정상훈의 독집 한정음반 가 함께 담겨 있다.",1739,BOOK
바빌론 부자들의 돈 버는 지혜,"조지 사무엘 클라슨 (지은이), 강주헌 (옮긴이)",2225,국내도서>경제경영>재테크/투자>재테크/투자 일반,9788974253356,"6000년 전 세계에서 가장 부유했던 황금의 도시 바빌론. 바빌론 최고의 부자 아카드가 ‘텅텅 빈 지갑’에서 구원해줄 7가지 비결을 밝힌다. 이 책은 미국의 밀리언셀러로, 미 금융 보험업계의 교과서격으로 알려져 왔다.",,6120,BOOK
스님의 주례사 - 행복한 결혼생활을 위한 남녀 마음 이야기,"법륜 (지은이), 김점선 (그림)",51637,국내도서>종교/역학>불교>불교 문학,9788984314207,'스님의 주례사'라는 제목으로 오랫동안 인터넷을 통해 회자되며 결혼 전 반드시 읽어야 할 대표적인 글로 화제가 된 법륜 스님의 남녀 인연 이야기를 책으로 엮었다. 연인들이 행복한 결혼 생활을 이루기 위해 알아야 할 주의점들을 알려주고 조언해 준다. 2009년 암으로 세상을 떠난 서양화가 김점선의 그림을 함께 실었다.,"행복한 결혼생활을 꿈꾸는 모든 사람을 위해!

이웃과 세상에 보탬이 되는 보살의 삶을 서원하면서 '정토회'를 설립한 법륜 스님의 『스님의 주례사』. 인간성 상실이 일탈을 넘어서는 현대인을 위해 '즉문즉설(卽問卽說)'로 대안적 삶을 이야기해온 저자가, 행복한 결혼을 꿈꾸는 사람들에게 축복 같은 조언을 쏟아내고 있다. 결혼생활뿐 아니라, 사랑과 연애를 위한 지혜를 얻게 된다. 특히 아내와 남편이 서로를 속박하지 않으려면, 혼자 살아도 외롭지 않고, 같이 살아도 귀찮지 않을 때 결혼을 해야 함을 일깨우고 있다. 아울러 상대에게 베풀어주겠다는 마음이 아닌, 덕을 보겠다는 마음을 품고서 결혼을 선택한다면 불행까지 얻게 됨을 강조한다.",30146,BOOK
같이 걷기 - 내 인생의 가장 친밀한 동행,이용규 (지은이),51601,국내도서>종교/역학>기독교(개신교)>기독교(개신교) 신앙생활>신앙생활일반,9788960971875,"베스트셀러 &lt;내려놓음&gt; &lt;더 내려놓음&gt;의 세 번째 이야기. 저자는 첫 번째 책 ‘내려놓음’에서 내려놓을 때 하나님으로 채워진다고 했고 ‘더 내려놓음’에서는 내가 죽을 때 내 안에서 예수님이 사신다고 했다. 그렇다면 그 이후는 어떻게 살아야 하는가? 이옹규는 그 답을 ‘같이 걷기’로 정리했다.
","100만 독자가 함께한 , 의 세 번째 이야기『같이 걷기』. 주님의 음성을 따라 한 걸음씩 인도함 받는 동행의 삶을 생생하게 그려내고 있다.",4319,BOOK
소년을 위로해줘,은희경 (지은이),50993,국내도서>소설/시/희곡>한국소설>2000년대 이후 한국소설,9788954613507,"은희경의 장편소설. 작가의 첫 소설 &lt;새의 선물&gt;의 주인공이 어른의 눈을 가진 열두 살 진희였다면, 처음의 마음으로 돌아간 새로운 이야기 &lt;소년을 위로해줘&gt;의 주인공은 열일곱 살 고등학생 연우다. 힙합을 즐기는 이 시대의 평범한 소년, 그러나 개개인이 특별할 수밖에 없는 우리 모두의 이야기이다.","우리 모두는 낯선 우주의 고독한 떠돌이 소년!

은희경이 5년 만에 선보이는 신작 장편소설『소년을 위로해줘』. 2005년 이 출간된 직후 이 소설을 쓰기로 결심했다는 작가 은희경. 이 소설은 2010년 1월부터 7개월 동안 '문학동네' 카페에서 일일 연재되었다. 힙합을 즐기는 열일곱 살 고등학생 연우의 이야기, 평범하지만 특별한 우리 모두의 이야기가 펼쳐진다. 이혼한 엄마와 단둘이 사는 연우는 이사 후 새로 전학 갈 학교를 추첨하는 자리에서 동급생 태수와 마주친다. 태수의 헤드폰에서 흘러나오는 낯선 음악, 그리고 어느새 비트에 맞춰 함께 움직이는 심장의 박동. 새로운 우정은 그렇게 시작되는데….",4450,BOOK
FBI 행동의 심리학 - 말보다 정직한 7가지 몸의 단서,"조 내버로, 마빈 칼린스 (지은이), 박정길 (옮긴이)",5247,국내도서>자기계발>인간관계>교양심리학,9788901110806,"전직 FBI요원이자 행동전문가인 조 내버로가 상대방의 몸짓과 표정을 읽음으로써 사람의 마음을 간파해 효과적인 커뮤니케이션을 할 수 있는 기술을 담은 책이다. 심리학자이자 공동저자인 마빈 칼린스 박사와 함께 심리학, 생물학, 사회학, 커뮤니케이션을 연구한 결과를 바탕으로 몸짓의 의미와 행동의 메커니즘을 분석한 이 책은 비언어 커뮤니케이션 지능을 높여주고 타인의 본질적인 진심을 찾는 데 도움을 줄 것이다. 협상, 회의, 데이트, 면접 등 생활에 꼭 필요한 행동의 기술은 물론 범죄를 수사하는 일선 경찰에게도 유익한 고급 지식이 담겨 있다","상대방은 모르는 경쟁력의 비밀, 침묵의 언어를 읽어라!

대화할 때 테이블 밑에 손을 숨기지 마라, 엄지를 주머니에 넣는 행동은 리더의 권위를 손상시킨다, 진실을 강력하게 말할 때 손바닥을 보이지 마라, 공항 세관원이 밀수범을 잡는 비밀은 발의 움직임에 있다, 거짓말이 의심될 때 상대의 목을 보면 알 수 있다, 이렇듯 인간은 인종이나 문화, 언어에 상관없이 분노나 두려움 또는 기쁨과 즐거움의 감정이 얼굴과 신체 동작을 통해 나타난다. 전직 FBI요원이자 행동전문가인 조 내버로가『FBI 행동의 심리학』을 통해 상대방의 몸짓과 표정을 읽음으로써 사람의 마음을 간파해 효과적인 커뮤니케이션을 할 수 있는 기술을 공개한다.",18742,BOOK
1Q84 1 - 4月-6月,"무라카미 하루키 (지은이), 양윤옥 (옮긴이)",50998,국내도서>소설/시/희곡>일본소설>1950년대 이후 일본소설,9788954608640,"전세계 독자가 손꼽아 기다려온 무라카미 하루키 5년 만의 신작 장편소설. 압도적인 이야기의 강렬함, 읽기를 멈출 수 없는 놀라운 흡인력, 이전 작품을 모두 끌어안으면서도 확연한 한 획을 긋는 무라카미 하루키 문학의 결정판.","당신의 하늘에는 몇 개의 달이 떠 있습니까?

무라카미 하루키가 〈어둠의 저편〉 이후 5년 만에 펴낸 장편소설『1Q84』제1권. 해마다 노벨상 후보에 거론되며, 일본은 물론 세계적으로 많은 사랑을 받고 있는 작가 무라카미 하루키. 그가 이번에는 두 남녀의 아련한 첫사랑 이야기인 동시에 '1Q84'를 헤쳐나가며 겪게 되는 환상적인 이야기를 그렸다. 압도적인 이야기의 강렬함과 흡인력이 돋보인다.

스타일리시한 여자 암살자 아오마메와 작가지망생 덴고. 꽉 막힌 고속도로의 비상계단을 내려오면서 다른 세계로 접어든 아오마메와, 천재적인 문학성을 가진 열일곱 소녀 후카에리를 만나 기묘한 사건에 휘말리게 된 덴고 앞에 '1Q84'의 세계가 펼쳐진다. 그들은 몇 개의 달이 떠 있는 하늘 아래에서 만나게 될까?

하루키는 이 작품을 쓰면서 바흐의 〈평균율 클라비어곡집〉 구성을 염두에 두었다고 말한다. 12음계를 균등하게 사용한 48곡을 1권과 2권에 절반씩 배치한 곡처럼, 이 소설도 1권 24장과 2권 24장으로 구성되어 있다. 특히 하루키의 다른 소설들과 마찬가지로 야나체크의 〈신포니에타〉, 마이클 잭슨의 〈빌리진〉 등 다양한 음악이 곳곳에 흐른다. [양장본]",46706,BOOK
노빈손의 사건만발 독일 여행,"김성중 (지은이), 이우일 (그림)",1140,국내도서>청소년>청소년 역사,9788958073185,"'노빈손 세계 역사탐험' 시리즈의 9권. 아홉 번 째 여행지는 독일이다. 게르만 신화에서 1989년 베를린 장벽이 무너지기까지, 독일의 역사와 문화를 아우르는 노빈손의 시간 여행이 펼쳐진다. 독일인의 기질과 생활방식, 음식문화, 그리고 흥겨운 축제 등 우리가 잘 몰랐던 그들의 문화를 면밀히 살펴본다.","노빈손, 위험천만 모험을 독일에서 즐겨라!

「신나는 노빈손 세계 역사탐험 시리즈」제9권 『노빈손의 사건만발 독일여행』. 이 시리즈는 역사가 고스란히 살아 숨 쉬는 현장을 찾아다니는 '노빈손'의 흥미로운 모험을 소개했다. '노빈손'과 함께 역사뿐 아니라, 문화 등을 배움으로써, 새로운 지식을 얻을 수 있다. 9권에서는 많은 음악과 문학의 모태가 된 동화와 전설의 나라 독일로 떠난 노빈손의 시간여행이 그려진다. 게르만 신화에서 1989년 베를린 장벽이 무너지기까지 독일 역사와 문화를 아우르는 모험을 통해 자연스럽게 독일의 전설과 역사, 문화를 익힐 수 있다.  [올컬러]",2425,BOOK
천국에서 돌아온 소년 (반양장) - 6세 소년이 경험한 생생한 천국 체험 스토리,"케빈 말라키, 알렉스 말라키 (지은이), 유정희 (옮긴이)",51596,국내도서>종교/역학>기독교(개신교)>기독교(개신교) 신앙생활>간증/영적성장,9788936017064,"아마존, 뉴욕타임즈 베스트셀러. 끔찍한 교통사고 후, 2달 동안 혼수상태에 빠졌던 6살배기 주인공 알렉스가 그 기간 동안 천국을 방문하고 돌아와, 자신이 보고 듣고 겪은 경험담을 순수하고 진솔한 어린아이의 언어로 생생하게 들려준다. 그와 동시에, 죽음을 딛고 일어선 사지마비의 소년의 특별한 치료 및 회복 이야기와 그를 정성껏 돌보는 아빠 케빈과 엄마 베스의 훈훈하고 신앙적인 휴먼 스토리도 잘 녹아 있다.",,2039,BOOK
1Q84 2 - 7月-9月,"무라카미 하루키 (지은이), 양윤옥 (옮긴이)",50998,국내도서>소설/시/희곡>일본소설>1950년대 이후 일본소설,9788954608657,"전세계 독자가 손꼽아 기다려온 무라카미 하루키 5년 만의 신작 장편소설. 압도적인 이야기의 강렬함, 읽기를 멈출 수 없는 놀라운 흡인력, 이전 작품을 모두 끌어안으면서도 확연한 한 획을 긋는 무라카미 하루키 문학의 결정판.","당신의 하늘에는 몇 개의 달이 떠 있습니까?

무라카미 하루키가  이후 5년 만에 펴낸 장편소설『1Q84』제2권. 해마다 노벨상 후보에 거론되며, 일본은 물론 세계적으로 많은 사랑을 받고 있는 작가 무라카미 하루키. 그가 이번에는 두 남녀의 아련한 첫사랑 이야기인 동시에 '1Q84'를 헤쳐나가며 겪게 되는 환상적인 이야기를 그렸다. 압도적인 이야기의 강렬함과 흡인력이 돋보인다.

스타일리시한 여자 암살자 아오마메와 작가지망생 덴고. 꽉 막힌 고속도로의 비상계단을 내려오면서 다른 세계로 접어든 아오마메와, 천재적인 문학성을 가진 열일곱 소녀 후카에리를 만나 기묘한 사건에 휘말리게 된 덴고 앞에 '1Q84'의 세계가 펼쳐진다. 그들은 몇 개의 달이 떠 있는 하늘 아래에서 만나게 될까?

하루키는 이 작품을 쓰면서 바흐의  구성을 염두에 두었다고 말한다. 12음계를 균등하게 사용한 48곡을 1권과 2권에 절반씩 배치한 곡처럼, 이 소설도 1권 24장과 2권 24장으로 구성되어 있다. 특히 하루키의 다른 소설들과 마찬가지로 야나체크의 , 마이클 잭슨의  등 다양한 음악이 곳곳에 흐른다. [양장본]",41189,BOOK
"애프터쇼크 - 당신이 가진 모든 자산의 가치가 사라진다, 2011년 개정증보판","데이비드 위더머, 로버트 위더머, 신디 스피처 (지은이), 한수영 (옮긴이)",8587,국내도서>경제경영>경제학/경제일반>화폐/금융/재정,9788965700029,"2006년 첫 저서에서 2년 후에 닥칠 서브프라임 사태를 족집게처럼 예측하여 세상을 놀라게 한 천재 경제학자 위더머 형제. 이 책에서 그들은 2008년 글로벌 금융위기는 곧 다가올 금융재앙의 서막에 불과하며, 사상 최악의 시나리오가 우리를 기다리고 있다고 경고한다.","2008년은 서막에 불과하다!

어느 날 갑자기 매달 나가는 대출이자가 2배로 늘어난다면? 오를 줄만 알았던 집값이 어이없이 1/5로 떨어진다면? 철석같이 믿고 있던 당신의 보험사가 하루아침에 파산한다면? 경기가 바닥을 쳤으니 앞으로 오를 일만 남았다고 생각하는가? 그렇게 믿고 있다면 그야말로 크나큰 착각이다. 2008년 금융위기를 예측해 세계를 놀라게 한 위더머 형제가 지금의 상황이 전형적인 경기 하락이 아니며, 아직 최악의 상태는 시작하지도 않았다고 말한다. 현재의 경기 침체를 초래한 위기의 실체에 주목하며, 마지막 버블이 붕괴하는 순간 애프터쇼크가 찾아올 것이라고 경고한다.",1286,BOOK
일 잘하는 사람보다 말 잘하는 사람이 이긴다 - 말하는 법 1%만 바꿔도 인생이 90% 바뀐다,"오쿠시 아유미 (지은이), 정은지 (옮긴이)",70227,국내도서>자기계발>협상/설득/화술>화술,9788956591544,"커뮤니케이션 전문가가 밝히는 '항상 이기는 사람들의 대화법'이 담긴 책. 8년 연속 연간 250일을 넘는 기업강연 실적을 기록한 세계 최고의 커뮤니케이션 전문가이자, '기업강연의 여왕' 이라 불리는 오쿠시 아유미가 심혈을 기울여 집필한 책이다. 상대방과 나에게 모두 이익이 되는 대화법을 다루고 있는 이 책에는 샤넬, 소니, 오라클, 페라가모, 에스티로더, 게이오 전철 등 세계 초일류 기업에서 커뮤니케이션 전략에 관한 강연 및 교육을 실시해온 오쿠시의 모든 노하우가 담겨 있다.","상대의 마음을 훔치는 말 한마디의 힘!

『일 잘하는 사람보다 말 잘하는 사람이 이긴다』는 직장내외의 다양한 상황에서 바로 쓸 수 있는 구체적인 커뮤니케이션 기술을 소개한다. 의 저자 오쿠시 아유미는 직장생활을 하면서 꼭 필요한, 하지만 많은 사람들이 놓치고 있는 '말하기 기술'을 짚어준다. 대화의 목적을 분명히 밝히고 화법을 조금만 바꾸면 상대방의 기분을 거스르지 않고도 자신의 생각을 전달할 수 있는 방법을 알려준다. 부록에서는 커뮤니케이션 시작 3분 전에 정리하고 들어가면 좋은 체크포인트들을 정리하고 있다.",9199,BOOK
진보집권플랜 - 오연호가 묻고 조국이 답하다,"오연호, 조국 (지은이)",51059,국내도서>사회과학>비평/칼럼>한국사회비평/칼럼,9788996430520,"조국 서울대 법대 교수와 오연호〈오마이뉴스〉대표기자가 7개월 동안 나눈 심층 대담집. 이 책을 통해 한국 사회와 정치 현실에 대한 날카로운 분석을 진행하면서 ‘성찰’, ‘사회·경제 민주화’, ‘교육’, ‘남북문제’, ‘권력’, ‘사람’ 등 진보가 집권하기 위한 분야별 대안과 정책의 밑그림을 그려냈다.","촛불 시민을 위한 프러포즈!

오마이뉴스 대표기자 오연호가 묻고 서울대학교 법학전문대학원 교수 조국이 답한 『진보집권플랜』. '잃어버린 10년'을 되찾겠다면서 표현의 자유 보장의 수준 등 한국사회를 10년 전으로 되돌려놓아버린 이명박 정권의 무도함에 대한 비판과 분노 표출을 넘어 김대중 정권과 노무현 정권 등 두 민주정부를 공정하게 평가하는 대담집이다. 특히 2012년 혹은 2017년을 대비하여 '진보가 집권하기 위한 플랜'을 세우고 있다. 진보ㆍ개혁 진영이 이명박 정권에 권력을 빼앗긴 이유를 성찰해본다. 아울러 진보ㆍ개혁 진영이 권력을 되찾아 집권하는 데 필요한 미래의 비전과 정책을 고민하고 실천할 것을 권면하고 있다. 보통 사람도 당당하게 자존심을 가지고 살아갈 '희망'을 모색한다.",4619,BOOK
스틱 투 잇 Stick to It! - 강철 CEO 장영신회장의 성공 인생 노트,장영신 (지은이),853,국내도서>경제경영>기업/경영자 스토리>국내 기업/경영자,9788970908236,"우리나라 최초의 여성 경영인 장영신 회장이 사업을 일구면서 겪었던 치열했던 순간과 아픔, 아쉬움, 그 속에서 체득한 삶과 경영의 지혜를 담은 진솔한 성공 인생 노트이다. 최악의 상황에서도 '끝까지 포기하지만 않는다면 원하는 바를 이룰 수 있다'고,'나처럼 평범했던 사람도 해냈으니 여러분도 해낼 수 있다'고 얘기한다. 거친 세상에서 홀로 고군분투하며 하나하나 체득한 깨달음으로 전하는 메시지이기에 그 울림은 더욱 크고 오래도록 가슴에 남는다.","애경그룹 장영신 회장이 보내는 힘찬 응원가

편견과 역경 속에서 작은 비누회사를 20여 개 계열사를 거느린 대기업으로 키워낸 애경그룹 장영신 회장이 성공 인생 노트『STICK TO IT』. 우리나라의 최초 여성 CEO인 그녀가 사업을 일구면서 겪었던 치열했던 순간과 아픔, 아쉬움, 그 속에서 체득한 삶과 경영의 지혜를 들려준다. 막내아들을 낳은 지 사흘 만에 남편과 사별하고 흔들리는 회사를 그냥 둘 수 없어 경영 일선에 뛰어들어 밑바닥부터 홀로 경영을 익히고 온갖 시련을 이겨낸 끝에 마침내 모두가 인정하는 성공한 리더가 되기까지의 과정이 생생하게 펼쳐진다.",656,BOOK
맑고 향기롭게 - 법정 대표산문선집,법정(法頂) (지은이),51637,국내도서>종교/역학>불교>불교 문학,9788995757758,"법정 스님이 직접 가려 뽑은 대표 산문 모음집. 산중 생활에서 길어 올린 명상과 사색을 담은 50편의 글을 엮었다. 잠언집 <살아 있는 것은 다 행복하라>과 함께, 2006년 법정 스님의 출가 50년을 기념하여 출간된 책이다.",,4815,BOOK
시원스쿨 기초 영어법 - 초등학생부터 60대 노인까지 귀와 말문트기 영어회화의 획기적인 커리큘럼,이시원 (지은이),49849,국내도서>외국어>영어회화>생활영어,9788901098227,"‘1초 만에 영어로 말하기’ ‘영어회화 두 달 만에 끝장내기’ 강좌로 화제를 일으키며 기초영어회화 시장을 발칵 뒤집어 놓은 시원스쿨영어! 10만 회원들의 입소문으로 성장한 시원스쿨의 강좌를 담은 책. 
","오픈 3년 만에 연간 수강료 30억을 기록한 시원스쿨 영어~ 10만 회원이 열광한 시원 강사의 말트기 비법을 고스란히 담았다!

시원스쿨의 2달 강좌를 고스란히 녹여낸 영어학습의 새로운 정석 『시원스쿨 기초영어법』. 이 책은 기초영어회화 시장을 발칵 뒤집어 놓은 10만 회원들의 입소문으로 성장한 시원스쿨의 강좌를 담아낸 책이다. ‘1초 만에 영어로 말하기’, ‘영어회화 두 달 만에 끝장내기’ 강좌로 화제를 일으킨 시원스쿨은 명쾌하고 중독성 있는 이시원 강사의 특색 있는 강의법으로 시작되어, 특별한 마케팅이나 대기업의 지지 없이 오직 회원들의 입소문만으로 놀라운 성장을 달성하였다. 

저자는 영어를 못하는 이유를 크게 3가지로 꼽는다. 첫 번째는 영단어를 모르기 때문이고, 두 번째는 영단어는 아는데 연결을 시키지 못하기 때문이고, 세 번째는 영단어도 알고 단어를 연결시킬 줄도 아는데 입에서 바로 튀어나오지 않기 때문이다. 이러한 영어울렁증의 원인을 확고하게 파악한 시원스쿨은, ‘영어로 말문트기’의 해법을 아주 간결하게 제시한다. 첫째로 단어를 외우고, 둘째로 연결을 배우고, 셋째로 바로 입 밖에 낼 수 있도록 반복 학습하는 것이다. 

시원스쿨의 강의는 첫째로 쉽다. 둘째로 일상생활에 밀접하다. 셋째로 영어 학습에 즐거운 중독을 느끼게 해준다. 이러한 저자의 강의는 초등학생부터 중년을 훌쩍 넘긴 세대까지 아우를 수 있도록 쉽고 명쾌하다. 골치 아픈 영문법 대신 단순한 접속사의 연결 연습이 반복되고, 생활에 필요한 기본 문장을 토대로 긍정과 부정의 연습이 반복된다.",15450,BOOK
오바마 영어 연설문 - 최고의 명문장을 배우는,"이영환, 이유진, 이송훈 (지은이)",49835,국내도서>외국어>영어독해,9788950917104,"단순히 한글 해석만 제공하는 형식에서 벗어나, 연설문의 문화적 이해를 높이며 오바마의 쉬우면서 수준 높은 표현과 어휘를 공부할 수 있도록 구성하였다.","세계를 감동시킨 오바마 연설로 영어를 배운다!

최고의 명문장을 배우는 『오바마 영어 연설문』은 영어연설과 단순히 한글 해석만 제공하는 형식에서 벗어나, 연설문의 문화적 이해를 높이며 오바마의 쉬우면서 수준 높은 표현과 어휘를 공부할 수 있도록 구성하였다. 각 연설문의 흥미로운 배경에 대해 짧은 에세이로 설명하고 있으며, 별도의 사전이 필요없도록 어휘도 각 페이지마다 설명해 놓았다.

오바마 연설문의 특징은 명확한 메시지를 간단명료하게 전달하면서, 쉽고 품격 있는 영어를 사용하는 것이다. 오바마의 생생한 목소리를 들으며 연설문을 읽으면 오바마의 영어 뿐만 아니라 미국의 문화를 이해하는데도 도움을 준다. 이 책을 통해 '쉽고 품격 있는' 영어 학습뿐 아니라 오바마식 화법과 리더십까지 얻을 수 있을 것이다.",507,BOOK
부모라면 유대인처럼 - 평범한 아이도 세계 최강의 인재로 키워내는 탈무드식 자녀교육,고재학 (지은이),7257,국내도서>좋은부모>교육/학습>창의 교육,9788991731493,"평범한 아이도 세계 최강의 인재로 키워내는 유대인들의 자녀교육 원칙을 52가지 키워드로 꼼꼼하게 소개한 책이다. 자녀의 지능과 창의력, 사회성 계발을 부모 책임이라고 자신있게 말하는 그들의 교육 원칙은 어떠한지 5개 영역(가정교육, 지능계발, 창의력, 인성교육, 진로상담)으로 나누어 살펴보고, 우리 가정에 적용할 방법을 알려준다.","글로벌 인재의 비밀, 유태인 교육의 바이블 탈무드에 숨어 있다!

평범한 아이도 세계 최강의 인재로 키워내는 유대인들의 자녀교육 원칙을 52가지 키워드로 꼼꼼하게 소개한 책. 자녀의 지능과 창의력, 사회성 계발을 부모 책임이라고 자신있게 말하는 그들의 교육 원칙은 어떠한지 5개 영역(가정교육, 지능계발, 창의력, 인성교육, 진로상담)으로 나누어 살펴보고, 우리 가정에 적용할 방법을 알려준다. 또한 《탈무드》의 저자 마빈 토케이어와 투비아 이스라엘리 주한이스라엘 대사가 “무한 경쟁 학습을 멈추고 진짜 창의력을 키우는 질문 교육을 시작하라”고 조언하는 한국 교육의 문제점도 진지하게 반성해본다.",15575,BOOK
세상 모든 것이 공부다 - 수학천재 이수홍과 엄마가 함께 쓴 성장이야기,"허종숙, 이수홍 (지은이)",51790,국내도서>좋은부모>육아/교육 에세이,9788963704647,"만 15세에 최연소 서울대 입학, 72회 골든벨의 주인공, 세계 최연소 국제수학올림피아드 금메달리스트, 2009년 전국대학생수학경시대회에서 가장 어린 나이임에도 최우수상을 수상하면서 세상 사람들의 관심을 한 몸에 받은 수학천재 이수홍.",,750,BOOK
용의자 X의 헌신 - 제134회 나오키상 수상작,"히가시노 게이고 (지은이), 양억관 (옮긴이)",51058,국내도서>소설/시/희곡>추리/미스터리소설>일본 추리/미스터리소설,9788972753698,"<백야행>, <게임의 이름은 유괴>의 작가 히가시노 게이고의 장편소설. 한 여자가 한 남자를 살해한다. 그녀를 너무도 사랑한 천재 수학자는 자신의 모든 인생을 걸고 완전범죄를 보장하고 나선다. 한편, 천재 물리학자가 이 정교한 살인 수식을 집요하게 파헤치기 시작하는데... 2006년 제134회 나오키 상 수상작.","정교한 살인수식에 도전하는 천재 물리학자의 집요한 추적이 시작된다!

《동급생》, 《백야행》의 작가 히가시노 게이고의 장편소설. 2006년 제134회 나오키 상 수상작이다. 일본 추리소설에서 흔히 보여지는 잔혹함이나 엽기 호러가 아닌 사랑과 '헌신'이라는 고전적이며 낭만적인 테마를 미로처럼 섬세하게 얽혀 예측하기 힘든 사건 전개와 속도감으로 흥미진진하게 풀어내고 있다.

사건은 에도가와 근처 작은 도시의 연립주택에서 한 모녀가 중년의 남자를 교살하는 것으로 시작된다. 살해당한 남자의 이름은 도미가시, 살인을 저지른 야스코의 이혼한 두 번째 남편으로 이혼한 아내를 괴롭혀 돈을 갈취해 살아가는 파렴치한이다.

우발적으로 살인을 저지른 야스코 모녀를 돕겠다고 나선 사람은 바로 옆집에 살고 있는 고등학교 수학 교사 이시가미. 그는 대학시절 교수들로부터 '백년에 한 번 나올까 한 천재'라는 찬사를 들었던 비상한 두뇌의 소유자로 '논리적인 일'이라면 무슨 일이든 해치울 수 있는 인물이다. 이시가미는 혼자 짝사랑하는 야스코를 시련으로부터 구해내는 일을 운명으로 받아들이는데….",19431,BOOK
내일은 실험왕 15 - 지진의 대결,"곰돌이 co. (지은이), 홍종현 (그림), 박완규, 이창덕 (감수)",48870,국내도서>어린이>과학/수학/컴퓨터>지구와 우주,9788937847677,"학습만화 &lt;내일은 실험왕&gt; 시리즈 15권 '지진의 대결' 편. 지구 내부의 지각 변동에 대한 과학 상식과 용어, 원리들을 실험 대결을 통해 배울 수 있다. 물의 순환 과정, 지구 내부의 구조, 판 구조론 등 지구에서 일어나는 다양한 지질학적 현상에 대한 이론들과 지진, 화산, 습곡, 단층 등 지구의 지각에 영향을 주는 여러 가지 지각 변동들을 이해하기 쉽게 다루고 있다.","과학 원리, 그리고 상식, 용어를 실험 대결을 통해 배우다!

과학실험 만화 『내일은 실험왕』 제15권 . 이 시리즈는 새벽초등학교 실험반 소속의 '범우주', '강원소', '나란이', '하지만', 그리고 '에릭' 등이 다른 초등학교 실험반과 실험 대결을 벌이면서 겪는 사건사고를 담아낸 과학실험 만화다. 초등학교ㆍ중학교 과학 교과서에 수록된 실험을 고스란히 옮겨놓았다. 아이들이 어려워하는 과학 원리, 그리고 상식, 용어를 이해하기 쉽게 가르쳐준다. 이 책에서는 '지진'과 관련된 과학 원리를 배울 수 있다. 마지막 예선전 상대가 친구인 '유진'이 다니는 구만초 실험반임을 알게 된 우주는 혼란에 빠진다. 새벽초 태권도반 초롱이는 우주에게 고백하고 그를 본 지만과 란이는 우울해지고 말았다. 아직 건강이 좋아지지 않은 원소는 신결질적 반응까지 보이는데…….",5494,BOOK
천 개의 찬란한 태양,"할레드 호세이니 (지은이), 왕은철 (옮긴이)",50919,국내도서>소설/시/희곡>영미소설,9788972754015,"2003년 아프가니스탄의 굴곡진 역사가 문신처럼 새겨진 성장소설 &lt;연을 쫓는 아이&gt;을 발표, 미국 문단에 파란을 일으키며 데뷔한 카불 출신의 작가 할레드 호세이니의 두 번째 작품. 전작에서와 마찬가지로 아프가니스탄의 현대사를 배경으로 하는 장편소설이다. 전쟁의 포화가 휩쓸고 간 아프가니스탄. 그곳에 나이도 다르고 자라온 환경도 다른 두 여자가 살아남아, 절망과 고통을 희망으로 바꿔나가는 이야기이다.","절망의 끝에서 희망을 피워낸 두 여자가 만들어내는 인간드라마

아프가니스탄에 남겨진 여성들의 삶. 이 책은 아프가니스탄 출신의 작가 할레드 호세이니의 작품으로, 절망의 끝에서 희망을 피워낸 두 여자가 만들어내는 인간드라마를 탄탄한 구성과 흡입력 강한 문체로 그려내고 있다. 전란의 소용돌이에 남겨진 두 여자, 마리암과 라일라. 한 남자의 아내들로 만나게 된 두 여자는, 어쩌면 불가능할 듯도 싶은 연대를 만들어간다. 가난과 차별, 그리고 끊임없는 폭력과 생명의 위협 속에서도 서로에 대한 믿음과 희생으로 희망을 가꿔가는 그들의 이야기가 눈물겹게 펼쳐진다.",15396,BOOK
윔피 키드 5 - 사춘기의 법칙,"제프 키니 (지은이), 양진성 (옮긴이)",48877,국내도서>어린이>동화/명작/고전>외국창작동화,9788965590064,"인터넷 만화를 기반으로 쓰여진 소설. 초등학생인 그레그 헤플리가 학교 생활의 이성문제, 폭력문제, 친구와의 갈등문제, 부모님과 형과의 문제 등을 일기 형식으로 이야기한다. 그레그는 매일 매일의 사건을 대충만 기록하고 사이사이에 우스운 그림들을 그려 넣는다. 십대들이 경험하는 작은 실패와 성공담도 볼 수 있다.",,2886,BOOK
해리 포터와 죽음의 성물 세트 - 전4권 (무선),"J.K. 롤링 (지은이), 최인자 (옮긴이)",51120,국내도서>소설/시/희곡>판타지/환상문학>외국판타지/환상소설,9788983922595,"전 세계 64개국 언어로 번역되어 6권까지 3억2,500만부 이상이 판매된 해리 포터 시리즈의 완결편 <해리 포터와 죽음의 성물>이 출간됐다. 전4권.","1997년부터 2007년까지, 무려 10년이라는 긴 시간 끝에 해리포터 시리즈 드디어 완결!<br><br><해리포터 시리즈>의 완결편인 제7탄 『해리포터와 죽음의 성물』. 세계에서 가장 빨리, 가장 많이 팔린 책 <해리포터 시리즈>의 매력은 환상과 마법의 세계를 그린 판타지임에도 불구하고 사실감 강한 현실을 그 배경으로 하고 있다는 것이다. 게다가  마법 세계에 만연한 다른 종족에 대한 불신과 경시 태도, 마법부의 무사안일한 행정적 관료주의, 스캔들만을 뒤쫓는 언론, 조직 내에서 일어나는 배신과 음모 등 현실 비판적인 내용까지 다루고 있다. 또한 빈틈없는 소설적 구성과 살아 있는 캐릭터, 작품 전체적으로 사용하고 있는 추리적 기법, 섬세하고 사실적인 묘사, 시리즈가 거듭될수록 심화되는 갈등의 양상, 죽음 혹은 고독과 같은 다소 철학적인 주제들의 고른 융화와 형상화 역시 커다란 매력이다. 이 때문에 <해리포터 시리즈>는 어린이뿐만이 아니라 어른들에게까지 사랑받고 있다. <br><br>7탄 『해리포터와 죽음의 성물』에서 해리포터는 볼드모트의 남아있는 호크룩스를 파괴해야 하는 위험천만한 임무를 맡게 되었다. 그는 외롭고 어두운 그림자로 가득 찬 미래 앞에 서 있다. 론과 헤르미온느와 함께 매번 가까스로 위험을 넘기며 볼드몰트의 호크룩스를 찾아 없애려 노력하던 해리는 마침내 그를 영원히 물리칠 방법을 찾게 되고 볼드모트와 최후의 대결을 벌이게 된다. 과연 해리는 무사히 임무를 완수할 수 있을까?",12034,BOOK
핀란드 초등학생이 배우는 재미있는 덧셈과 뺄셈,"리카 파카라 (지은이), 이경옥 (옮긴이), 강미선 (감수)",48871,국내도서>어린이>과학/수학/컴퓨터>초등 수학,9788994449043,"핀란드 초등학교 선생님이 직접 쓴, 학력 수준이 높은 핀란드식 수학 학습 방법을 그대로 담은 책이다. 생활과 밀접한 내용을 위주로 구성하였고, 개정된 교육과정에서 중시하는 서술, 논술형 문제와 수학적 의사소통을 강조하는 것에 맞춰 기본 개념을 튼튼히 하고 문제해결력, 지식을 확장해 나갈 수 있는 내용으로 구성하였다.","핀란드 초등학교 선생님이 직접 쓴, 학력 수준이 높은 핀란드식 수학 학습 방법을 그대로 담은 책이다. 생활과 밀접한 내용을 위주로 구성하였고, 개정된 교육과정에서 중시하는 서술, 논술형 문제와 수학적 의사소통을 강조하는 것에 맞춰 기본 개념을 튼튼히 하고 문제해결력, 지식을 확장해 나갈 수 있는 내용으로 구성하였다.



초등 입학 전 어린이의 선행학습과 초등 1, 2학년 어린이들의 자습과 점검, 개념을 다시 세울 때 적합한 학습책이다. 공부한 내용에 맞게 단원이 끝나는 뒤에는 재미난 이야기, 놀이, 게임이 있다. 이야기와 놀이들을 하다보면 자연스레 앞에서 배운 내용을 복습을 할 수 있고, 자칫 어렵고 지루할 수 있는 수학의 재미를 느끼게 해 준다.",3577,BOOK
월든,"헨리 데이비드 소로우 (지은이), 강승영 (옮긴이)",51373,국내도서>에세이>외국에세이,9788957090121,1999년 나온 <월든>(강승영 옮김)의 개정판. 다시 번역해 펴냈다. 미국작가 소로우가 월든 호숫가에서 '자연과 더불어 사는 삶'을 몸소 실천하며 쓴 글이다. 월든에서의 삶은 파괴적인 기계문명에 대항하는 적극적이고 대안적인 실험이기도 했다.,,13911,BOOK
SERI 전망 2011,"권순우, 신창목 (지은이)",263,국내도서>경제경영>트렌드/미래전망>트렌드/미래전망 일반,9788976334282,"2010년의 마침표와 2011년의 물음표를 총정리한 대한민국 종합경제전망서. 글로벌연구실 수석연구원 구본관, 거시경제실 수석연구원 이찬영, 기술산업실 수석연구원 배영일 등 삼성경제연구소의 각 분야 전문가들이 창의적 상상력과 집단지성을 모아 2011년에 전개될 경제, 산업, 기업, 정책, 사회.문화의 핵심이슈들을 도출하고 주요 트렌드를 제시한다.","SERI의 분야별 전문가들이 예리하게 분석한 2011년!

한국경제는 2010년 중 세계 어느 국가보다도 모범적인 위기 탈출의 모습을 보였다. 상대적으로 빠른 회복세를 보였을 뿐만 아니라 그 내용에서도 수출과 설비투자를 중심으로 한 민간부문의 자생적 회복력이 성장을 주도한 한 해였기 때문이다. 하지만 향후 대외여건의 불확실성 증대로 인해 이러한 자생적 회복력이 지속될 것인지의 여부는 불투명하다. 이 질문에 제대로 답하기 위해서는 무엇보다 한국경제 회복의 내용과 성격을 면밀하게 관찰 분석하고 여전히 남아 있는 위험 요인들을 하나하나 검토해야 할 것이다. 삼성경제연구소는 『SERI 전망 2011』에서 이와 같은 현실 인식을 바탕으로 한국경제의 좌표와 지향점을 제시한다.",1046,BOOK
카네기 인간관계론 (반양장),"데일 카네기 (지은이), 최염순 (옮긴이)",2952,국내도서>자기계발>인간관계>인간관계,9788956370590,"1937년 초판이 발행된 이래, 전 세계 수많은 언어로 번역되어 인간관계로 고민하는 사람들에게 유용한 해결의 실마리를 제공해준 인간경영의 영원한 고전, 사람의 마음을 열고, 그 마음을 움직이게 하여 스스로의 의지에 따라 따르게 만드는 인간관계의 영원한 숙제에 대해 명쾌하고 실제적인 해답을 전한다.","인간관계의 최고 바이블!

데일 카네기는 카네기재단의 설립자이며 동서양의 문화를 접목시켜 인간경영 분야에 기념비적인 업적을 남긴인물로 평가받고있다. 그의 저서 은 각 나라 언어로 번역되어 전 세계 수천만 독자들에게 깊은 감동을 심어준 인간경영의 최고 바이블로 통한다. 

이 책에서 카네기가 제시하는 성공적인 인간관계를 인간경영 리더십으로 정리하면 다음과 같이 4단계로 나누어 볼 수 있다. 1단계 우호적인 사람이 되라. 자기 자신을 이해하고 감정을 조절하는 능력을 키워라. 2단계 열렬한 협력을 얻어내라. 타인과 그들의 감정을 이해하고 커뮤니케이션 하는 능력을 키워라. 3단계 리더가 되라. 4단계 감동-커뮤니케이션 능력이 뛰어난 사람이 되라. 비전을 공유하고 열정을 불어 넣은 능력을 키워라.

데일 카네기는 사람의 마음을 열고, 그 마음을 움직이게 하여 스스로의 의지에 따라 따르게 만드는 인간관계의 영원한 숙제에 대해 명쾌하고 실제적인 해답을 전하고 있다. 인간관계에 대한 수많은 사례와 그것들을 풀어가는 원칙들에 대한 이야기는, 왜 이 책이 오랜 세월이 지난 지금에도 사람들의 꾸준한 관심과 애정을 받고 있는지에 대한 대답이 될 것이다.",36179,BOOK
마당을 나온 암탉 (반양장) - 아동용,"황선미 (지은이), 김환영 (그림)",48874,국내도서>어린이>동화/명작/고전>국내창작동화,9788971968710,"<a href=""/catalog/book.asp?ISBN=8901028514&UID=<% =qsUID %>""><나쁜 어린이표></a>로 아이들만의 생각을 절묘하게 표현해냈던 황선미의 장편동화. 닭장에서 알을 낳기로 정해진 암탉 잎싹이 닭장을 나와 자신의 알을 품고 자신만의 새끼를 위해 모성을 발휘한다는 이야기를 담고 있다. 초등 고학년용.","암탉 잎싹의 꿈은 이루어질 수 있을까요?

2017 대한민국 문화예술상을 수상한 황선미의『마당을 나온 암탉』은 알을 품어 병아리의 탄생을 보겠다는 소망을 가지고 양계장을 나온 암탉 '잎싹'의 이야기를 그린 작품으로, 삶과 죽음, 소망과 자유 등의 심오한 주제가 담긴 동화이다. 꿈을 간직한 삶의 아름다움과 당당함 그리고 지극한 모성애의 승화 과정이 독자의 가슴을 뭉클하게 한다. 

「마당을 나온 암탉」은 주인공 잎싹이 소망을 굳게 간직하고 자기 삶의 주인으로 꿋꿋하게 살아가는 모습과 독특하고 개성적인 등장인물의 다양한 삶을 통해 오늘의 어린이들로 하여금 '나는 누구이며, 어떻게 살아야 하는가'에 대한 기본적인 질문과 반성을 하게 만드는 작품이다.",62913,BOOK
난장이가 쏘아올린 작은 공,조세희 (지은이),50994,국내도서>소설/시/희곡>한국소설>2000년대 이전 한국소설,9788995151204,"조세희씨의 소설 <난장이가 쏘아올린 작은 공>(난쏘공)이 출판사를 옮겨 새로 나왔다. 1978년 문학과지성사에서 첫 출간된 이래 모두 134쇄, 54만부 가까이 발행된 이 책은 최근 신생 출판사 `이성과 힘'(대표 조중혁)으로 옷을 갈아 입었다.",70년대 암울했던 우리 사회의 현실을 우화적 기법으로 형상화해낸 걸작.,44966,BOOK
홀로 사는 즐거움,법정(法頂) (지은이),51637,국내도서>종교/역학>불교>불교 문학,9788946414709,법정 스님은 얼마 전 사단법인 '맑고 향기롭게'와 길상사의 회주 등 모든 직함을 벗고 내면의 소리에 귀 기울이는 삶과 침묵을 선언하셨다. 존재에 대한 성찰을 위해 끝없이 정진하는 면모를 보여준 스님의 이번 책에는 <오두막 편지> 이후 스님의 생활 모습과 생각들이 담겨 있다.,,8405,BOOK
구름빵,백희나 (지은이),35134,국내도서>유아>그림책>나라별 그림책>한국 그림책,9788953527058,비 오는 날 아침 작은 구름 하나가 나뭇가지에 걸려 있다. 아이들은 신기해서 엄마에게 구름을 가져다 주고 엄마는 작은 구름을 반죽해 빵을 굽는다. 잘 구워진 구름빵을 먹은 엄마와 아이들은 구름처럼 두둥실 떠오른다. 2005년 볼로냐 국제도서전 픽션 부분에서 올해의 일러스트레이터로 뽑히게 한 작품.,"구름빵을 먹으면 하늘에 두둥실 떠오를 수 있어!

'마음씨앗 그림책' 시리즈, 제2권 『구름빵』. 2020년 아스트리드 린드그렌상을 수상한 백희나 작가의 작품으로 구름으로 빵을 만들어 그것을 먹으면 하늘에 두둥실 떠오르게 된다는 아름다운 판타지 이야기를 담고 있습니다. 인물 등을 직접 만들어 배경이 있는 세트에 놓고 사진으로 찍어냄으로써 그림에서는 느끼기 어려운 입체감이 도드라집니다. 특히 솜털처럼 보드라운 그름의 촉감과 비가 내리는 촉촉한 하늘의 어우러짐은 눈과 마음을 즐겁게 합니다. 마치 구름빵 냄새를 직접 맡을 수 있을 것만 같은 착각도 불러일으킵니다. 

비가 오는 날 산책을 나선 고양이 형제는 나뭇가지에 걸린 구름을 발견하여 집으로 가지고 옵니다. 엄마는 구름으로 빵을 만들고 그것을 먹은 아이들은 하늘로 두둥실 떠오르게 됩니다. 밥을 먹지 못하고 출근한 아빠가 걱정된 아이들은 구름빵을 들고 하늘로 두둥실 떠오르는데…….",43788,BOOK
말과 침묵,법정 (지은이),51429,국내도서>에세이>종교에세이>불교,9788946413429,스님은 이러한 때에 '침묵'을 사랑하는 법을 일러준다. 책은 침묵을 배경으로 한 불타 석가모니의 설법과 조사들의 어록을 가려 엮은 것. 친절한 주석 덕에 불교에 생소한 독자라도 낯설지 않게 읽을 수 있다. 각 장의 여백에서 스님이 평소 좋아하는 선시를 만나는 즐거움도 느껴볼 수 있다.,,2589,BOOK
동화처럼,김경욱 (지은이),50993,국내도서>소설/시/희곡>한국소설>2000년대 이후 한국소설,9788937483127,"동인문학상, 현대문학상, 한국일보문학상 등을 수상한 소설가 김경욱의 어른들을 위한 매혹적인 '연애 성장 테라피'. 문학평론가 강유정은 ""한국판 [첨밀밀]이라고도 볼 수 있는 연애담""인 &lt;동화처럼&gt;에 대해 평범한 남녀가 두 번 이혼하고 세 번 결혼하는 우여곡절을 통해 어른들을 위한 ""현대판 동화로 아름답게 완성""되었다고 평한다.","어른에게도 동화가 필요하다!

동인문학상, 현대문학상 등을 수상한 천부적 이야기꾼 김경욱의 『동화처럼』. 어른들을 위한 매혹적 연애 성장 테라피다. '침묵의 별'에서 온 평범한 남자 '김명제'와 '눈물의 별'에서 온 평범한 여자 '백장미'가 두 번 이혼하고 세 번 결혼하는 중에 벌어지는 사건사고를 담아냈다. 대학 신입생 시절에 처음 만난 명제와 장미가 사랑하고 결혼하고 헤어지는 것을 반복하면서 경험하는 희로애락의 모든 감정과 심리를 사실적으로 그려내고 있다. 사람 냄새로 가득한 동화와도 같은 사랑 이야기를 듣게 된다. 특히 시대적 랜드마크가 된 상징적 문화 아이콘을 선택하여 1990년대를 관통해온 30대들과 40대들을 위한 세대적 커밍아웃을 감행하고 있다.",1479,BOOK
"더블 - 전2권 - side A, side B + 일러스트 화집",박민규 (지은이),50993,국내도서>소설/시/희곡>한국소설>2000년대 이후 한국소설,9788936435882,"이효석문학상, 황순원문학상, 이상문학상 수상작가 박민규의 소설집. &lt;카스테라&gt; 이후 5년 만에 펴내는 두번째 소설집이다. side A, side B 두 권으로 이루어진 &lt;더블&gt;은 일종의 더블앨범과도 같은 독특한 모양새에 앨범 속지를 떠올리게 하는 일러스트 화집까지 덧붙은, 박민규다운 개성이 물씬 풍기는 책이다.","웰컴 투 박민규 월드!

SIDE A, SIDE B 두 권으로 이루어진 『더블』. , , 으로 잘 알려진 박민규가 첫 소설집  이후 5년 만에 펴내는 두 번째 소설집이다. SIDE A, SIDE B 두 권으로 이루어진『더블』은 일종의 더블앨범과도 같은 독특한 모양새에 앨범 속지를 떠올리게 하는 일러스트 화집까지 덧붙은, 박민규다운 개성이 물씬 풍기는 책이다. 특히 작가 스스로 ""지난 시절 나를 이끌어준 모든 에 대한 헌정""이라 밝힌 일러스트 화집은, 수록작마다에 딸린 일러스트 18점과 함께 각 작품에 얽힌 사연이 밝혀져 있어 소장가치를 더해준다.",3088,BOOK
우리가 보낸 순간 세트 - 전2권 - 날마다 읽고 쓴다는 것,김연수 (지은이),52904,국내도서>에세이>명사에세이>문인에세이,9788960900912,"작가 김연수의 2010년 마지막 산문집. 첫 산문집 &lt;청춘의 문장들&gt;에 이어, 그가 아끼는 시와 소설에 자신만의 감상을 덧붙였다. 날마다 읽은 책에서 시 99편과 소설 49편을 가려 뽑고, 한 편 한 편에 특유의 감성적인 언어를 더해 들려준다. 사랑했던 날들, 어릴 적 추억, 소소하지만 아름답고 가슴 저렸던 '순간'을 이야기한다.","아름다운 문장은 우리를 아름다운 사람이 되도록 이끈다!

작가 김연수가 사랑하고 마음에 담아두었던 시와 소설의 문장들을 엮어낸 산문집 세트 『우리가 보낸 순간 : 시ㆍ소설 편』[전2권]. 섬세한 문체로 사랑받아온 김연수가 99편의 시를 가려 뽑은 과 49편의 소설을 가려 뽑은 을 하나로 엮어낸 세트이다. 신중하게 고른 작품과 아름다웠던 순간의 이야기를 더해 시와 소설을 함께 음미할 수 있게 하였다. 김연수는 시를 해석하려 하지 않고, 대신 시를 읽으며 떠오른 기억, 사랑했던 날들, 어린 시절의 추억을 전하여 시를 자신만의 방식으로 읽어 나갈 수 있게 인도한다. 더불어 소설 속 주인공들의 인생에 비추어 들려주는 작가의 추억, 그곳에 우리가 보낸 순간들을 전하고 있다.",1660,BOOK
괜찮아,최숙희 (지은이),35096,국내도서>유아>0~3세>그림책,9788901052922,"아이에게 놀림받았던 동물들은 아이에게 반문한다. ""그럼 너는?"" 잠시 당황한 아이가 생각에 잠긴다. 아이는 뭘 잘 할 수 있을까? 아이는 자기만이 할 수 있는 것을 생각해 낸다. 세상에서 가장 크게 웃을 수 있는 것! 그 건강한 웃음이 바로 아이의 가장 특별한 능력이자 자랑이다.","베스트셀러 작가 최숙희가 건네는 따뜻한 메시지

자아존중감을 높여 주는 그림책! 주인공 여자아이가 보기에는 동물들이 참 이상합니다. 개미는 너무 작고, 고슴도치는 따끔거리는 가시가 많습니다. 또, 뱀은 다리가 없고, 타조는 새면서 날지 못합니다. 하지만 각 동물들은 저마다의 장점을 가지고 있다고 말합니다. 이에 질세라 동물들도 아이에게 ""그럼 너는?""하고 반문합니다. 

『괜찮아』는 저연령 유아를 대상으로 한 인지 그림책입니다. 무엇보다 아이들이 흥미로워 할 동물의 생태 정보를 바탕으로 '자신감'이란 주제를 절묘하게 결합시켰습니다. 2박자 반복 구조로 표현된 동물의 동작 변화와 형태감은 유아의 시각을 즐겁게 합니다. 귀엽고 사랑스런 표지부터 각 장마다 재미있게 구성된 화면들은 유아들의 시선을 사로잡기에 충분합니다.",35359,BOOK
신도 버린 사람들,"나렌드라 자다브 (지은이), 강수정 (옮긴이)",51073,국내도서>사회과학>사회문제>빈곤/불평등문제,9788934925798,"인간이라는 사실이 불행한 사람들, 개ㆍ돼지보다 못한 취급을 받아야 했던 사람들, 신이 내린 은총은 오직 ‘구걸할 권리’뿐인 사람들 불가촉천민, 태어난 신분을 절대 바꿀 수 없는 인도의 절대적 신분제도의 족쇄를 풀어버림으로써 전세계적으로 주목받았던 나렌드라 자다브의 자전적 이야기.","신조차 내 꿈을 빼앗지 못했다!

전세계적으로 센세이션을 일으킨 '인도의 살아있는 영웅' 나렌드라 자디브의 『신도 버린 사람들』. 인도에는 '불가촉천민(不可觸賤民)', 즉 '달리트'가 있다. 그들은 천민보다 못한 천민으로, 다른 신분의 사람과 닿는 것조차 금지되어 있다. 그리고 그들에게 인정된 권리는 구걸뿐이다. 태어나면서 정해진 신분은 죽어서도 바꿀 수 없는 인도에서, 그들의 삶은 슬프기만 하다. 

인도에서 12년간 베스트셀러가 된 이 책은 그러한 불가촉천민에서 세계 경제를 움직이는 지도자가 된 저자의 자유와 희망에 대한 논픽션이다. 3,500여 년이나 묵은 인도의 신분제도, 카스트에서 불가촉천민을 탈출시키기 위해 투쟁한 불가촉천민의 아버지 '암베드카르'를 추종하던 부모의 결심으로 교육을 받게 된 저자가 전세계가 미래의 인도 대통령으로 점치는 '인도의 살아있는 영웅'이 되기까지의 애절한 이야기가 감동적으로 펼쳐지고 있다. 곳곳에는 해맑은 인도 아이들의 사진도 담았다. 

저자는 자신은 물론, 아버지 '다무'와 어머니 '소누', 그리고 딸을 화자로 내세운다. '다무'와 '소누'의 이야기는 인도의 사회, 생활, 계급, 그리고 '암베드카르'가 이끈 '불가촉천민'의 투쟁의 역사를 생동감있게 전달하고 있다. 그리고 저자와 그의 딸의 이야기는 사람답게 살지 못하는 1억 7천만 명의 불가촉천민의 '자유'를 향한 뭉클한 도전기다. 

〈font color=""1e90ff""〉☞〈/font〉 <b>『신도 버린 사람들』에 대해!</b>
『신도 버린 사람들』은 인도에서 12년간 베스트셀러로 선정되었습니다. 그리고 17가지 언어로 번역되어 전세계에 출간되었습니다.",16034,BOOK
"나는 아직, 어른이 되려면 멀었다 - 청춘의 밤을 꿈을 사랑을 이야기하다",강세형 (지은이),52906,국내도서>에세이>명사에세이>기타 명사에세이,9788934940067,"이적, 김동률, 스윗소로우, 테이가 추천한 라디오 작가 강세형의 에세이. 여러 번의 실망, 여러 번의 상처, 그사이 어느덧 겁쟁이로 변해버린 청춘에게 보내는 설렘, 두근거림, 위안의 이야기가 담겨 있다. 평범한 일상, 지난 시간의 기억, 사랑의 추억, 아름다운 삶의 풍경 속에서 발견한 소소한 감정으로 어우러진 청춘의 일기장이다.","당신은 지금 청춘이다.

김동률의 뮤직아일랜드부터 스윗소로우의 텐텐클럽까지를 맡아온 라디오 작가 강세형이 청춘을 위해 『나는 아직 어른이 되려면 멀었다』. 청춘의 밤과 꿈, 그리고 사랑에 대해 이야기하는 청춘 공감 에세이다. 지치지 않고 반복되는 실망과 아픔과 실패로 인해 어느덧 겁쟁이로 변해버렸지만 조심스레 희망을 되뇌는 세상 모든 청춘에게 설렘과 두근거림과 위안 134가지를 보내고 있다. 특히 바쁘게 살다가 무심하게 지나치게 되는 평범한 일상의 소소하지만 아름다운 삶의 풍경을 일깨워준다. 화려하지 않아도, 특별하지 않아도 날것 특유의 아름다움을 지닌 청춘 시절을 만끽하도록 이끌고 있다. 나아가 자신을 진정으로 사랑하는 일을 깨달아 그것을 이루어내도록 응원을 보낸다.",7214,BOOK
나니아 연대기,"C. S. 루이스 (지은이), 폴린 베인즈 (그림), 햇살과나무꾼 (옮긴이)",51120,국내도서>소설/시/희곡>판타지/환상문학>외국판타지/환상소설,9788952744852,출간 이후 29개 언어로 번역되어 9000만 부 이상 판매된 세계적인 베스트셀러이자 스테디셀러 <나니아 연대기>(전7권)가 한 권짜리 합본으로 출간됐다. '옷장 문을 열고 들어가면 나니아라는 마법의 세계가 있다'는 모티프에서 비롯된 이 모험담은 가상의 나라 '나니아'의 창조부터 멸망에 이르기까지의 이야기를 담고 있다.,,13538,BOOK
너를 위해서라면 죽을 수도 있어 - Novel Engine,"반시연 (지은이), Tiru (그림)",54719,국내도서>소설/시/희곡>라이트 노벨>노블엔진(Novel Engine),9788965261667,‘무엇 하나 되는 일이 없는 초능력자 소년의 급속도로 망가져가는 일상’을 유쾌하고 스피디하게 써내려간 작품이다. 적재적소에 배치된 노골적인 풍자와 블랙 코미디는 이 작품의 분위기와 어우러져 각 캐릭터의 개성을 강렬하게 드러낸다. 기존의 라이트노벨에서는 볼 수 없는 독특한 개성을 지닌 이 작품은 &lt;노블엔진&gt; 창간작으로 2011년 1월 1일 출간될 예정이다.,학원을 배경으로 한 판타지 미스터리 『너를 위해서라면 죽을 수도 있어』. 특이한 능력을 지녀 사회 부적응자가 된 주인공 비지는 아무 목적 없는 삶에서 벗어나기 위해 ‘순수’라는 소녀의 바람을 지켜주겠다는 괴이한 욕망에 사로잡혀 항상 동분서주한다. 그러나 우연찮게 일어난 한 사건으로 인해 비지의 일상은 예상치 못한 소용돌이 속으로 빠져든다.,407,BOOK
이토록 사소한 멜랑꼴리,김도언 (지은이),50993,국내도서>소설/시/희곡>한국소설>2000년대 이후 한국소설,9788937481765,"이른바 인간의 '악취미들'을 심도 있게 파헤쳐온 작가 김도언의 첫 장편소설이다. 파계승인 아버지와 한센병을 앓고 있는 어머니의 아들이자 실패한 시인 지망생, 우울한 학원 강사인 주인공 '선재'. 그는 이 작품을 구도 소설로 읽게 하는 구심점이다. 남녀 주인공 선재와 소라를 중심으로, 등장인물들은 실타래처럼 서로 얽혀 있다.",,768,BOOK
그물에 걸리지 않는 바람처럼,법정 (지은이),51429,국내도서>에세이>종교에세이>불교,9788946413450,,,1998,BOOK
팅커스 - 2010년 퓰리처상 수상작,"폴 하딩 (지은이), 정영목 (옮긴이)",50919,국내도서>소설/시/희곡>영미소설,9788950927585,"국내에 처음 소개되는 폴 하딩의 작품이자, 그의 데뷔작. 첫 소설이라고는 믿기 어려울 만큼 아름다운 문장과 삶과 죽음, 그리고 시간과 가족에 대한 깊은 성찰을 바탕으로 '놀랄 만큼 뛰어난 데뷔작'이라는 평가를 받으며 2010년 퓰리처상을 수상하였다. 목사였던 할아버지, 땜장이이자 행상인이었던 아버지, 그리고 시계 수리공이었던 아들, 이 삼대의 삶을 그린다.","생의 마지막 순간에 찾아오는 아련한 그리움!

2010년 퓰리처상을 수상한 폴 하딩의 장편소설 『팅커스(Tinkers)』. 목사인 할아버지, 땜장이이자 행상인인 아버지, 시계 수리공인 아들에 이르는 크로스비 가문 3대의 삶을 그리고 있다. 시계를 수리하며 가족을 부양해온 조지는 여든을 넘긴 나이에 암에 걸린다. 가족과 자식들이 죽음을 앞둔 조지를 찾아오고, 그는 죽음을 맞이하기까지 8일간 병상에서 환영에 시달린다. 자식과 손자도 제대로 알아보지 못하는 조지의 의식은 점점 과거로 나아간다. 그리고 그곳에서 아버지에 대한 기억을 만나고, 아버지가 추억하는 할아버지에 대한 기억을 만나게 되는데…. 시간과 공간을 넘나드는 크로스비 가문의 이야기가 펼쳐진다. 

★ 수상내역 ★ 
- 2010 퓰리처상 수상",809,BOOK
해커스 토익 중급 Listening - 토익 리스닝 중급에서 상급까지,David Cho (지은이),49855,국내도서>외국어>토익>Listening,9788990700742,토익 리스닝 중급서. 최신 토익 출제 경향의 철저한 분석을 바탕으로 다양한 문제 유형에 대한 효과적인 전략을 제시하였다.,,4598,BOOK
"인도기행 - 삶과 죽음을 넘어서, 개정판",법정(法頂) (글),51637,국내도서>종교/역학>불교>불교 문학,9788946415539,"법정스님이 불교의 발원지인 인도에 가서 불타 석가모니의 행적을 따라 유적지를 여행하면서 보고, 듣고, 깨달은 바를 적어 놓은 것으로, 위대한 종교가 탄생한 거대한 대륙 인도와 히말라야의 지혜를 세계의 투명한 영혼들과 함께 나누기 위한 기록이다.",,1784,BOOK
시크릿 가든 1 - 드라마 소설,강이을 (지은이),50993,국내도서>소설/시/희곡>한국소설>2000년대 이후 한국소설,9788994015156,"SBS특별기획 드라마 [시크릿 가든]을 소설로 만난다. 김은숙 작가의 극본을 강이을 작가가 소설로 풀어냈다. 남녀 성별이 바뀌는 흥미로운 컨셉으로, 로맨틱 코미디와 판타지를 결합하여 마법에 빠진 사랑을 만들어 낸 소설이다. 드라마의 명대사들을 소설을 통해 다시 한 번 만날 수 있다. 주연 배우들의 멋진 스틸 사진도 함께 수록하였다.",,775,BOOK
국혼 - 하 - 무애가,이지환 (지은이),51125,국내도서>소설/시/희곡>로맨스소설>한국 로맨스소설,9788941333340,"&lt;화홍&gt;의 작가 이지환의 로맨스 소설. 사유타의 황태자 이헌세결 13세, 제나라의 태자비 담은리 8세. 어린 시절 마음에 새긴 금석지약의 약조는 세월이 흘러도 변치 않는다. ""약조하셨잖아요? 어찌하든 우린 같이 있을 거라고. 백년해로할 거라고 약조하셨잖아요."" 어린 시절 마음에 새긴 맹세는 배신과 음모로 얼룩진 세상에 고귀하게 피어난다.","이지환 장편소설 『국혼』하권. 전운이 하늘을 뒤덮고 음모의 기운이 궁궐을 잠식한다. 난세의 위태로운 연인들, 그들 앞에 기다리는 거대한 운명의 수레바퀴가 돌아간다. 어린 시절 마음에 새긴 맹세는 배신과 음모로 얼룩진 세상에 고귀하게 피어나는 로맨스가 그려진다.",876,BOOK
우리 아빠가 최고야,"앤서니 브라운 (지은이), 최윤정 (옮긴이)",35137,국내도서>유아>그림책>나라별 그림책>유럽,9788956181295,"우리 아빠는 최고다. 커다랗고 험상궂은 늑대도 안 무서워하고, 달을 뛰어넘을 수도 있다. 달리기도 잘하고, 힘도 무척 세다. 집채만큼이나 몸집이 큰 우리 아빠는 춤도 멋지게 추고, 노래도 굉장히 잘 부른다. 우리 아빠는 정말 최고다. 그 중에서도 가장 최고인 것은 아빠가 날 사랑한다는 것이다.","아빠의 사랑을 느껴요!

『우리 아빠가 최고야』는 세계적인 그림책 작가 앤서니 브라운의 그림책으로, 아이의 입장에서 바라본 아빠의 모습이 담긴 그림책입니다. 이 책의 화자는 다소 아빠를 과장하여 소개하지만, 그 모습은 아이들이 바라본 아빠의 모습입니다. 무엇이든지 척척해내는 멋진 아빠의 모습이 따뜻한 그림으로 표현되어 있습니다. 특히 그림 속에 숨겨진 언어가 있습니다. 엄마는 아이와 함께 그림책 속의 의미를 새롭게 해석하는 재미를 느낄 수 있을 것입니다. 

우리 아빠는 최고예요. 커다랗고 험상궂은 늑대도 안 무서워하고, 달을 뛰어넘을 수도 있어요. 달리기도 잘하고, 힘도 무척 세요. 집채만큼이나 몸집이 크고, 곰 인형처럼 부드러워요. 그런 아빠가 정말 좋아요. 왜냐구요? 그건 바로 아빠가 나를 사랑하기 때문이에요.",31200,BOOK
최기봉을 찾아라! - 제8회 푸른문학상 수상작,"김선정 (지은이), 이영림 (그림)",48874,국내도서>어린이>동화/명작/고전>국내창작동화,9788957982648,"작은도서관 시리즈 32권. 제8회 푸른문학상 [새로운 작가상] 부문 수상작. ‘도장’을 소재로 마음을 열지 못한 채 살아가는 사람들이 따뜻한 관심과 사랑에 서서히 마음을 여는 과정을 감동적으로 담아냈다. 주인공부터 조연에 이르기까지, 현실에서 튀어나온 듯한 개성 만점의 캐릭터들이 눈길을 끈다.","도장 특공대, 도장 분실 사건을 해결하라!

1학년부터 6학년까지 모든 아이를 주인으로 초대하는 「작은도서관」 제32권 『최기봉을 찾아라』. 저자에게 2010년 제8회 푸른문학상 '새로운 작가상'을 안겨준 장편동화다. 최기봉 선생님과 그가 가르치는 아이들간에 벌어지는 '도장 분실 사건'을 파헤쳐가고 있다. 주연부터 조연까지 현실에서 방금 튀어나온 듯한 생동감 넘치는 사람들이 등장하여, 마치 추리소설처럼 긴장감과 흡인력 있게 펼쳐지는 유머러스한 이야기가 웃음을 불러일으킨다. 특히 마음을 닫은 채 살아가는 사람들이 따뜻한 관심과 사랑에 서서히 마음을 열기까지를 감동적으로 그려내고 있다. 아이들이 서로의 마음을 모른 채 살아가는 가족이나 친구 등에게 마음을 전하는 방법을 찾도록 이끌어 줄 것이다.",6937,BOOK
나쁜 어린이표 - 웅진 푸른교실 1,"황선미 (글), 권사우 (그림)",48825,국내도서>어린이>초등1~2학년>동화/명작/고전,9788901068596,"아이의 눈으로 바라본 학교 생활이 살갑게 다가온다. 아이의 행동을 볼 때, 겉으로 드러난 결과만이 아니라 왜 그렇게 했는지 생각하게 하는 동화.  황선미 작가의 동화. 1999년 출간 되었던 책의 개정판이다.","나는 왜 나쁜 어린이 표를 받았을까요?

『나쁜 어린이 표』는 아이들의 심리를 세밀하게 묘사한 작품으로, 스티커를 통해 아이들을 규제하려는 선생님과 착한 어린이가 되고 싶지만 번번이 나쁜 어린이로 몰리게 되는 건우의 이야기입니다. 수첩에다 '나쁜 선생님 표'를 매기기 시작하는 건우의 모습이 인상적입니다. 

건우는 '착한 어린이 표'를 받으려고 노력하지만, 번번이 '나쁜 어린이 표'를 받게 됩니다. 건우는 결과만 보는 선생님이 야속할 뿐입니다. 그러던 어느 날, 선생님 책상에 있던 노란 스티커 뭉치를 찢어 화장실에 버립니다. 그리고 두려운 마음에 화장실에 숨게 되는데…. [양장본]",15089,BOOK
원미동 사람들,양귀자 (지은이),50994,국내도서>소설/시/희곡>한국소설>2000년대 이전 한국소설,9788952202000,"<원미동 사람들>이 이토록 오랫동안 사랑받는 이유는 무엇일까? 김탁환은 이 책에 '격이 다른 슬픔'이 담겨있기 때문이라 답한다. 양귀자는 가난하고 못 배운 사람들, 상처 받은 사람들의 애환을 섬세한 손길로 되살려낸다. 따스하면서도 날카로우며, 섬세하고도 넉넉한 시선이 구석구석 잘 살아있다.",,14220,BOOK
산방한담,법정 (지은이),51429,국내도서>에세이>종교에세이>불교,9788946413382,,,2052,BOOK
그램그램 영문법 원정대 14 - 추격하라! 문장 레이싱,어필 프로젝트 (그림),49222,국내도서>어린이>어린이 영어>영어동화/영어만화,9788964351017,"영어를 교과로 배우기 시작하는 초등 3학년부터 중학 1~2학년까지 다양한 연령층의 독자가 읽을 수 있는 책. 아이들의 눈높이에 맞추어 복잡한 영문법 원리를 알기 쉽게 설명한다. 각 단락마다 하나씩의 문법 요소를 다루어 부담 없이 볼 수 있고, 만화 스토리와 캐릭터를 이용한 다양한 형식의 연습 문제를 통해 재미있게 복습도 할 수 있다.
초등학생이 알아야 할 기초 영문법을 캐릭터들의 신나는 모험 속에 담은 학습만화다. 영문도 모른 채 선택 받은 '건', '빛나', '피오' 세 명의 친구. 이들은 리버스 마왕의 손아귀에서 '그램우즈'를","『그램그램 영문법 원정대』 제14권. 이 책은 영문법의 개념을 쉽고 재미있게 이해하는 것을 목표로 영문법을 만화로 자연스럽게 풀어낸 학습만화다. 1~5형식 문장의 구조와 특징을 중심으로 영어 문장에 대해 설명하고 있고, 4~5장에서는 두 문장을 한 문장으로 연결해 주는 관계부사와 선행사에 따라 달라지는 관계부사의 종류, 문장 속 관계부사의 생략에 대해 설명한다.",3045,BOOK
드라마 시크릿 가든 주원.라임의 테마 도서 세트 - 전6권,"김경욱, 루이스 캐럴, 이응준, 허연, 김도언, 강기원 (지은이)",50919,국내도서>소설/시/희곡>영미소설,9788937404290,"SBS 드라마 [시크릿 가든]의 남자 주인공 김주원. 다독가로도 유명한 김주원의 서재에는 과연 어떤 책들이 있을까? 라임은 주원의 서재에 꽂힌 책들을 보고, 자신이 놓친 주원의 마음을 읽고 싶어서 즉시 그 책들을 구입한다. 루이스 캐럴의 장편소설 &lt;이상한 나라의 앨리스&gt;, 김경욱의 장편소설 &lt;동화처럼&gt;, 강기원의 시집 &lt;은하가 은하를 관통하는 밤&gt; 등 모두 6권으로 구성된 세트.","SBS 드라마 의 남자 주인공 김주원의 서재에 꽂힌 책을 하나로 묶은 세트 『드라마 시크릿 가든 주원 라임의 테마 도서 세트』[전6권]. 인기리에 방영 중인 SBS 드라마 의 매력적인 남자 주인공 김주원의 서재에 꽂힌 책 중 6권을 하나로 묶은 세트이다. 여자 주인공 라임이 주원의 서재에 꽂힌 책들을 보고, 자신이 놓친 주원의 마음을 읽고 싶어서 구입한 책들로 , , , , , 로 구성되어 있다.",730,BOOK
스페로 스페라 상.하권 합본 세트 - 전2권 (탁상 달력 특전) - Seed Novel,"나승규 (지은이), Irua (그림)",51071,국내도서>소설/시/희곡>라이트 노벨>시드(Seed) 노벨,9788926780602,"『해한가』 작가 나승규의 신감각 판타지. 모든 '이야기'에는 끝이 존재한다. 이곳은 이야기의 끝에 다다른 등장인물들이 살아가는 '조하르'의 세계. 한 '이야기'의 끝에서 소멸 당할 뻔하다가 여신에게 구원받았던 소년 '사이'는, '이야기'의 악당과 마왕들이 살아가는 '감옥도시'를 탈출하다 마찬가지 신세로 도망치던 한 명의 소녀와 만나게 되는데...",,222,BOOK
당신이 희망입니다,"고도원 (지은이), 황중환 (그림)",52906,국내도서>에세이>명사에세이>기타 명사에세이,9788996047650,카툰으로 보는 고도원의 아침편지. 이메일로 배달되거나 책으로 묶여 나온 '고도원의 아침편지' 중에서 사람들에게 감동을 주고 희망과 용기를 복돋아줄 내용을 가려 뽑은 87편의 편지를 엮었다. 글과 더불어 동아일보의 '386c'를 그려온 만화가 황준환의 그림을 함께 수록하였다.,"매일 아침 200여만 명의 이웃들에게 이메일로 행복 바이러스를 전하고 있는 '고도원의 아침편지'를 카툰과 함께 엮었다. '고도원의 아침편지'는 2001년 8월, 저자가 책을 읽으면서 밑줄을 그어놓았던 좋은 글귀에 짧은 단상을 덧붙여 주위 사람들에게 이메일을 보내면서 시작되었다. 



이메일로 배달되거나 책으로 묶여 나온 아침편지 중에서 사람들에게 감동을 주고 희망과 용기를 북돋아줄 내용을 가려 뽑은 87편의 편지를 엮었다. 글과 더불어 동아일보의 '386c'를 그려온 만화가 황준환의 그림을 함께 수록하였다. 



총 4장으로 구성되었다. 1장은 어렵고 힘들수록 좌절하지 말고 죽을힘을 다해 살라는 용기의 편지를, 2장은 희망은 강력한 힘이며 그것을 믿는 사람에게만 희망이 찾아온다는 희망의 노래를 담았다. 3장에서는 가정의 중요성과 가족, 친구, 연인, 이웃의 소중함을 이야기하고, 4장에서는 응원의 마음을 담은 편지들을 실었다.",6239,BOOK
평생감사 - 행복의 문을 여는 열쇠,전광 (지은이),51601,국내도서>종교/역학>기독교(개신교)>기독교(개신교) 신앙생활>신앙생활일반,9788904156955,"전광 목사가 감사하면 할수록 감사할 이유가 더 많이 생기는 놀라운 감사 법칙의 비밀을 공개한다. 일상의 소소한 감사 제목들을 작은 노트에 기록해가며 느낀 감동과 도전을 담아낸 책으로, '행복해서 감사한 것이 아니라 감사하기 때문에 행복하다'는 것이 책의 요지. 감사에 관한 다양한 경험과 예화들을 통해 구체적인 적용을 제안하고, 독자 스스로 감사 제목을 떠올리고 기록할 수 있는 공간을 마련했다.","소소한 일상생활에도 감사하라!

기독교출판문화상을 수상한 〈a href=""http://www.kyobobook.co.kr/product/detailViewKor.laf?ejkGb=KOR&mallGb=KOR&barcode=9788904110629"" target=""_blank""〉〈i〉〈백악관을 기도실로 만든 대통령 링컨〉〈/i〉〈/a〉의 저자 전광 목사의 『행복의 문을 여는 열쇠, 평생감사』. 감사할수록 감사할 이유가 늘어나는 놀라운 감사 법칙의 비밀을 공개하고 있다. 

이 책은 그동안 링컨 등 훌륭한 신앙의 모델을 기독교적인 관점으로 관찰하고 해석하며 우리에게 소개해온 저자가, 소소한 일상생활을 보내면서 기록해온 '감사일기장'을 계절별로 소개한다. 감사하는 마음을 지닌 저자의 행복을 보여주면서, 우리의 마음에 울림을 선사하고 있다. 아울러 감사를 중요하게 여기는 저자의 인생을 통해 감사를 소홀하게 여기는 우리의 인생에 도전한다. 

저자는 행복해서 감사한 마음을 품는 것이 아니라, 감사한 마음을 품어서 행복해지는 것이라고 고백하고 있다. 아울러 감사에 관한 사람들의 경험을 이야기로 풀어내어 우리가 감사하는 마음을 언제나 품으며 살도록 인도한다.",15872,BOOK
2011 Pass 통합영어 - 전5권 - 9.7급/경찰 공무원 통합 기본영어,신성일 (지은이),34625,국내도서>수험서/자격증>공무원 수험서>7/9급 공무원>영어>7/9급 기본서,9788959531042,"&lt;Pass 통합영어&gt; 2011년 판. 이전 2010년 판인 1권 문법, 2권 독해, 3권 어휘, 4권 표현(생활영어) 외에 5권 추록 편(기출문제 2010년 상반기)을 추가하여 전 5권으로 분권, 출간하였다. 스마트폰으로 수강할 수 있도록 각 부분에 패스코드 작업을 하였으며, 최근 기출문제와 매년 반복 출제되는 고 빈출문제를 총정리하였다.",,833,BOOK
내일은 실험왕 14 - 지질의 대결,"곰돌이 co. (지은이), 홍종현 (그림), 박완규 (감수)",48870,국내도서>어린이>과학/수학/컴퓨터>지구와 우주,9788937847660,"학습만화 <내일은 실험왕> 시리즈 14권 '지질의 대결'편. 지각을 이루는 지질 속에 숨겨진 생생한 과학 원리를 배울 수 있다. 유기물과 무기물, 암석과 광물의 상관관계, 지층의 형성 과정, 몰드와 캐스트 실험을 통해 본 화석의 생성 과정, 금속 결정 만들기 실험 등이 다양한 암석만큼 개성 강한 새벽초 실험반의 이야기 속에 펼쳐진다.","과학 상식과 용어, 원리들이 실험 대결을 통해 머리에 쏙쏙!

과학실험 만화 『내일은 실험왕』 제14권 ""지질의 대결""편. 이 시리즈는 초등학생들의 신나는 실험 이야기를 통해 아이들에게 어려운 과학 원리와 용어를 쉽게 전달하는 과학실험 만화다. 주인공 우주가 속해 있는 실험반 활동을 통해 초등학교 고학년 교과서에 수록된 실험 과정과 그에 관련된 과학 이론을 자연스럽게 배울 수 있도록 해준다. 이번 책에서는 유기물과 무기물, 다양한 암석과 광물의 특징, 지층의 형성 과정, 몰드와 캐스트 실험을 통해 본 화석의 생성 원리 등 우리가 살고 있는 지구의 표면을 이루는 지질과 관련된 다양한 과학 원리들을 다루고 있다. 

다른 학교 실험반의 연습을 참관하던 우주는 영재원의 실수투성이 유진에게서 공통점을 발견하고 친해진다. 늘 풀 죽어 있던 유진 역시 우주와의 대화를 통해 조금씩 자신감을 되찾고, 2차전 대결에서 자신의 실력을 드러낼 기회를 갖게 된다. 한편, 초롱은 우주에게 다시 한 번 용기 내 고백하려 하지만 어긋나기만 하고, 3차 대결을 앞둔 새벽초 실험반에 작은 균열이 생기기 시작한다.",5380,BOOK
화성에서 온 남자 금성에서 온 여자 - 개정판,"존 그레이 (지은이), 김경숙 (옮긴이)",53510,국내도서>요리/살림>결혼/가족>부부관계,9788990514400,"30여 년간 부부들을 위한 상담센터를 운영하면서, 부부간 갈등의 원인과 치유법 연구에 몰두해온 존 그레이 박사의 역작이다. 결혼의 위기에 처한 2만5천여 부부의 상담을 통해 남자와 여자의 갈등의 원인을 알아내고 그것을 치유하는데 꼭 필요한 남녀관계의 원칙을 담았다.","남녀간 차이를 통해 진정한 사랑을 일깨워주는 연애의 교과서!

남자는 화성인이고 여자는 금성인이기 때문에 서로의 언어와 사고 방식은 다르다는 단순하고 명쾌한 비유를 통해 남녀 사이의 갈등을 치유해온 존 그레이의 『화성에서 온 남자 금성에서 온 여자』. 남녀의 차이를 명확하게 인식시켜줌으로써, 진정한 사랑을 일깨워주는 사랑 지침서다. 연애나 결혼생활 중에 남녀의 차이로 인해 벌어지는 문제를 해결하는 실질적 지침을 소개하고 있다. 상대를 자신에게 맞게 변화시키기 위해 애쓰거나 맞서는 대신 남녀의 차이를 편하게 받아들여 더불어 잘 지내는 방법을 배우도록 인도한다. 사례를 풍부하게 실어 이해를 도와준다.",18466,BOOK
보노보 찬가 - 정글자본주의 대한민국에서 인간으로 살아남기,조국 (지은이),51059,국내도서>사회과학>비평/칼럼>한국사회비평/칼럼,9788984989498,"우리 자신과 사회 속에는 이미 침팬지가 너무도 많다. 이제 우리 자신과 사회 속에 움츠려 있는 보노보를 찾고 키울 시간이다. 침팬지의 속성과 침팬지 세상의 원리를 정확히 직시하는 보노보, 침팬지의 공격에 대해서는 정당방위로 받아칠 수 있는 실력을 갖춘 보노보, 이와 동시에 보노보적 법.제도.문화를 구상하고 모색하는 보노보가 필요하다. 그리고 이러한 보노보들의 즐거운 어울림과 신나는 연대가 필요하다.(-들어가는 말 중에서)",,1158,BOOK
창가의 토토 - 개정판,"구로야나기 테츠코 (지은이), 이와사키 치히로 (그림), 김난주 (옮긴이)",50998,국내도서>소설/시/희곡>일본소설>1950년대 이후 일본소설,9788991503007,"출간 첫해 500만부라는 일본 출판계 사상 전무후무한 판매기록을 수립하고, 그 해의 최고 뉴스로 선정될 만큼 센세이션을 불러 일으킨 책. 지은이 구로야나기 데츠코는 실제 주인공이기도 하다. 그녀는 이 책으로 국경을 초월해 인류에게 가장 큰 교육적 영향을 끼친 작가들에게 수여하는 제4회 코르체크 상을 수상하기도 했다.",,43114,BOOK
콕知 3652 박성현 교육학 - 하,박성현 (지은이),34726,국내도서>수험서/자격증>공무원 수험서>교원임용시험>교육학,9788993125634,,,266,BOOK
어린이를 위한 친구 관계의 기술,"정우진 (지은이), 김미연 (그림), 이민식 (콘텐츠)",48840,국내도서>어린이>초등3~4학년>자기계발,9788960864115,어린이 자기계발기술 시리즈 2권. 어린이들이 가장 힘들어 하는 고민인 친구 관계에 대한 비법을 아동 심리 전문가가 5가지 단계로 명쾌하게 알려 준다. 어린이들의 눈높이에 맞는 동화를 적절히 넣어 재미와 감동을 추구하였기에 결코 딱딱하거나 어렵지 않다.,"친구 관계의 고민을 해결해 줄 5가지 비법을 배우다!

아이들의 생활이나 학습에서 직접적 도움이 될 기술을 가르쳐주는 「어린이 자기계발기술」 제2권 『어린이를 위한 친구 관계의 기술』. 자기계발동화에 기술을 강화한 자기계발기술동화다. 동화와 정보의 비율을 5:5로 구성하여 아이들이 가장 힘들어하는 고민인 친구 관계에 대해 다루고 있다. 특히 아동 심리 전문가가 알려주는 맞춤형 친구 관계의 기술 5가지를 익혀나가게 된다. 단순한 설명 대신 인터뷰, 채팅, 이메일, 토론 등을 통해 친구 관계에 대한 아이들의 고민을 해결해주는 '보건 선생님'을 멘토로 등장시켰다. 타인과 원만한 친구 관계를 맺기 위해 꼭 알아 두어야 할 실용적 지식을 자연스럽게 소개하고 있다. 타인에게 좋은 친구가 되어 있는 자신을 발견하게 될 것이다.",826,BOOK
해피엔드에 안녕을,"우타노 쇼고 (지은이), 현정수 (옮긴이)",50998,국내도서>소설/시/희곡>일본소설>1950년대 이후 일본소설,9788954613323,독창적인 서술 트릭을 선보인 장편소설 &lt;벚꽃 지는 계절에 그대를 그리워하네&gt;와 고전 추리소설의 법칙을 현대적으로 재해석한 밀실 트릭 3부작 &lt;그리고 명탐정이 태어났다&gt;의 작가 우타노 쇼고의 소설집. 길이와 소재는 제각각이지만 결말은 전부 배드엔드로 끝난다는 공통점을 지닌 11편의 작품이 수록되어 있다.,"예측불허인 인생과 일상, 해피엔드는 없다!

일본 신본격 미스터리의 대표주자 우타노 쇼고의 단편집『해피엔드에 안녕을』. 길이와 소재는 각각 다르지만 결말은 전부 '배드엔드'로 끝난다는 공통점을 지닌 11편의 소설이 담겨 있다. 부모님의 일방적인 편애를 받는 언니를 질투하는 소녀의 이야기 , 마지막으로 마운드에 서는 야구선수 아들을 응원하는 어머니의 이야기 , 해마다 놀러가는 시골 친척 집에서 비밀의 방을 발견한 소년의 이야기 , 미팅에서 만난 남자의 편지와 선물 공세에 시달리는 젊은 여자의 이야기  등 낯익은 풍경과 평범한 인물들을 통해 범죄의 경계에 아슬아슬하게 걸쳐 있는 우리의 일상을 묘사한다.",1133,BOOK
교사 십계명 - 진짜 선생님을 위한 지혜,하정완 (지은이),51601,국내도서>종교/역학>기독교(개신교)>기독교(개신교) 신앙생활>신앙생활일반,9788970270579,"한국교회를 살리고 아이들을 아름다운 지도자를 성장시킬 진짜 선생님이 될 수 있도록 인도하는 '교사 십계명' 책이다. 하정완 저자의 경험담 등을 풍부하게 담아 이해를 도모하는 것은 물론, 쉽게 적용할 수 있도록 도와준다.","꿈이있는교회 하정완 담임목사가 전하는 교사 교육 지침서. 『교사 십계명』은 어떻게 해야 좋은 교사, 영향력있는 교사, 부흥을 이끄는 교사가 될 수 있는가에 대한 대답을 제시한 책이다. 20년째 청소년, 청년 사역자로 활동해온 저자는 그동안의 경험을 바탕으로, 우리를 먹이신 예수님처럼 먹여라, 우리의 친구되신 예수님처럼 친구가 되어라, 인간으로 오신 예수님처럼 이해하라 등 진짜 선생님이 되기 위한 지혜에 대해 이야기 한다.",2629,BOOK
"한국인, 죽기 전에 꼭 해야 할 17가지",염창환 (지은이),70211,국내도서>자기계발>행복론,9788950927257,"&lt;죽을 때 후회하는 스물다섯 가지&gt;의 국내편. 2,000명의 마지막을 지켜본 국내 최초 완화의학 교수가 가족에 목숨을 걸고, 정에 약한 한국인들의 슬프지만 '여한 없는 마지막'을 담담하고 따뜻한 시선으로 담아내고 있다. '죽을 때 후회하는 스물다섯 가지'가 죽음을 앞둔 이들의 '후회'를 보편적으로 보여주었다면, 이 책은 매일 고통스러운 항암치료를 받고, 언제 죽음이 닥쳐올지 모를 다급한 상황에 처해있지만, 각자의 방법으로 자신의 삶을 의미 있고 행복하게 마무리하는 사람들의 이야기를 보여준다.","죽음 앞에서 그들은 결국 행복했고, 해피엔딩의 주인공이었다

베스트셀러 의 국내편 『한국인, 죽기 전에 꼭 해야 할 17가지』. 실제로 죽음 앞에 선 2000명의 환자를 지켜본 호스피스 전문의가 말하는 아름다운 죽음에 대해 소개한다. 가족에 목숨 걸고 정 많은 한국인이 죽음이라는 커다란 마침표에 섰을 때 하게 되는 후회들은 어떤 것일까? 사랑한다는 말을 많이 했더라면, 누군가를 위해 나눔을 아끼지 않았더라면, 조금만 더 감사하는 마음을 가졌다면, 조금 더 일찍 용서 했었더라면……. 호스피스 전문의인 저자는 약으로도 처방할 수 없는 환자들의 마음에 귀를 기울인다.",397,BOOK
시골의사의 아름다운 동행 1,박경철 (지은이),52906,국내도서>에세이>명사에세이>기타 명사에세이,9788901049205,한 시골 외과의사가 병원이라는 풍경을 통해 바라본 인생이야기. 경북 안동에서 병원을 운영하고 있는 지은이가 각양각색의 인생에서 건져올린 희망의 메시지를 들려준다. 시골의사의 눈을 통해 바라본 우리네 삶의 단면들을 진솔하게 그려냈다.,,8453,BOOK
"모빌 슈트 건담 디 오리진 20 - 솔로몬.후편, NT COMIC",야스히코 요시카즈 (지은이),2553,국내도서>만화>본격장르만화>SF/가상사회,9788925269375,"&lt;모빌 슈트 건담 디 오리진&gt; 17권. 우주세기 0079, 우주세기 0079, 지구에서 가장 먼 스페이스 콜로니인 사이드 3은 지온 공국을 자칭하며 지구 연방 정부에 독립전쟁을 선포한다. 그리고 교착상태에 빠진 전쟁-그 격전과, 전우의 죽음, 그리고 사랑하는 사람과의 만남과 이별을 통해 아무로와 화이트베이스 승무원들은 점점 전사로 성장해간다.그리고 지상의 패권을 걸고 싸운 오뎃사에서 전황은 커다란 전환점을 맞이하고, 양군의 주 전장은 다시 우주로 옮겨진다.","YOSHIKAZU YASUHIKO의 만화 『모빌 슈트 건담 디 오리진』 제20권. 솔로몬 후편, 인류가 지나치게 늘어난 인구를 우주에 이민시키게 된 지 이미 반세기가 지나 있었다. 허공에 떠 있는 인공의 대지 스페이스 콜로나는 인류 제 2의 고향이 되어, 수억 명의 사람들이 그곳에서 아이를 낳고, 키우고 죽어갔는데…….",506,BOOK
"버전업 굿모닝 독학 일본어 첫걸음 (무료 동영상 강의, MP3 무료 다운로드, 워크북, 핸드북) - 최신 개정판","정선영 (지은이), 오현정 (감수)",49885,국내도서>외국어>일본어>일본어 첫걸음,9788983004925,150만 독자가 선택한 일본어 입문서 베스트 1위를 자랑하는 교재의 최신 개정판. 이 책은 일본어를 전혀 모르는 완전초보자를 위한 독학용 일본어 학습서다.,"더욱 알찬 구성으로 돌아온 일본어 독학 교재!

일본어를 전혀 모르는 완전초보자를 위한 독학용 일본어 학습서『버전업 굿모닝 독학일본어 첫걸음』. 오래된 표현과 회화를 바꾸고 새롭고 참신한 내용으로 새롭게 업그레이드된 최신 개정판이다. 회화문을 통한 문법해결 방식이 아닌 먼저 중요 학습 포인트를 학습한 후 학습자 스스로 회화문의 이해를 돕도록 구성하였다. 현장감 있는 대화체로 하나의 문법을 통해 다른 관련문법도 함께 익힐 수 있는 입체적 학습방법을 제시하고 있다. 또한 일본어 시작의 기본인 [오십음도]는 물론 입문 과정에서 꼭 알아야 할 본문에 나온 한자를 써 보며 익힐 수 있는 [워크북]과 언제 어디서나 휴대 가능한 핸드북을 제공하여, 일본어를 처음 시작하는 학습자들도 쉽게 학습할 수 있도록 배려하였다.",18187,BOOK
독학을 위한 일본어 첫걸음의 모든 것 - 교재 + CD 1장 + 쓰기노트 + 핸드북 + 무료 동영상 강의,"고가 사토시, 서승철 (지은이)",49885,국내도서>외국어>일본어>일본어 첫걸음,9788983004673,"일본어를 혼자서 공부하려는 사람들을 위한 교재다. 이 책의 가장 큰 특징은 한 권에 회화편, 문법편, 한자편이 모두 실려 있다는 점이다. 회화편에서는 회화 위주의 학습을 하되 문법편을 참고하지 않아도 내용을 따라갈 수 있도록 일본어 문법을 공식으로 정리했다.","《일본어 첫걸음의 모든 것》은 일본어를 혼자서 공부하려는 사람들을 위한 새로운 개념의 학습서로서 회화편, 문법편, 한자편의 세 파트로 구성되어 있다. 회화편에는 일반적인 일본어 첫걸음 교재의 내용을 모두 담고 있을 뿐만 아니라, 회화 위주의 학습을 하되 문법편을 참고하지 않아도 내용을 따라갈 수 있도록 했다. 또한 문법편은 문법책을 따로 살 필요가 없도록 문법만을 따로 모아서 처음부터 끝까지 자세하고 알기 쉽게 정리했다.

마지막으로 한자편은 일본어를 처음 시작하는 사람이라면 알아야 할 한자만을 엄선해서 따로 모아 정리해 두었다. 독자들은 이 책 한 권이면, 일본어 첫걸음 교재 한 권과 문법 교재 한 권, 그리고 한자 교재 한 권을 사는 것과 같은 효과를 볼 수 있게 될 것이다. 또한 한 권만 가지고도 회화와 문법 양쪽을 번갈아 볼 수 있으므로, 학습에도 최대의 효과를 얻을 수 있다.

★ 특별 부록을 함께 제공합니다!
- 발음 및 회화 녹음 CD
- 일본어 가나ㆍ한자 쓰기 노트
- 필수회화ㆍ어휘ㆍ한자 핸드북",7521,BOOK
테메레르 6 - 큰바다뱀들의 땅,"나오미 노빅 (지은이), 공보경 (옮긴이)",51120,국내도서>소설/시/희곡>판타지/환상문학>외국판타지/환상소설,9788901114682,"나폴레옹 전쟁이 절정이었던 시대를 배경으로, 용들의 격렬한 공중전이 펼쳐진다. 로커스상, 콤프턴크룩상을 수상하고, 휴고 상 및 캠벨 상에 노미네이트된 판타지소설로, '반지의 제왕'의 피터잭슨 감독이 영화화하기로 결정하면서 화제를 모았다.","판타지로 다시 태어난 나폴레옹 전쟁사!

나폴레옹 전쟁사를 새롭게 그려낸 판타지 장편소설『테메레르』제6권 ""큰바다뱀들의 땅"" 편. 나폴레옹 전쟁이 한창이던 19세기 초, 용과 비행사로 구성된 각 나라의 공군들이 전쟁에 참전하면서 일어나는 사건들을 다룬 대체역사판타지이다. 지적이고 섬세한 용들이 활약하는 나폴레옹 전쟁을 통해 역사의 궤도에서 벗어난 세상을 흥미진진하게 펼치고 있다. '나폴레옹 시대에 용과 비행사로 구성된 공군이 있었으면 어떻게 되었을까'라는 가설을 바탕으로 한 이 소설의 이야기는 1805년 1월 영국 해군 소속의 렐리언트 호가 부화 직전의 용알을 싣고 가던 프랑스 소형구축함을 나포하면서 시작된다.",2044,BOOK
해커스 리딩 인트로 (Hackers Reading Intro) - 영어독해의 시작ㅣ토플.IELTS.텝스.특목고.수능.편입,해커스어학연구소 (지은이),49835,국내도서>외국어>영어독해,9788990700506,"해커스 어학연구소가 영어 입문 학습자들을 위하여 오랜 기간 연구를 거쳐 탄생시킨 영어 독해 시작서. 기초 실력을 쌓을 수 있는 단계별 학습 프로그램을 적용, 교재 전체를 3단계로 구성하였으며 핵심이 되는 2단계에서는 영어시험들에 실제 출제될 만한 '독해문제유형'을 체계적인 학습 흐름의 구조로 전개하였다.","<b>독해 입문 학습자를 위한 영어 독해의 시작서</b> 

《해커스 리딩 인트로》는 해커스 어학연구소가 영어 입문 학습자들을 위하여 오랜 기간 연구를 거쳐 탄생시킨 '영어 독해 시작서'로, 기초 실력을 쌓을 수 있는 단계별 학습 프로그램을 적용, 교재 전체를 3단계로 구성하였으며 핵심이 되는 2단계에서는 영어시험들에 실제 출제될 만한 '독해문제유형'을 체계적인 학습 흐름의 구조로 전개하였다.

또한, 시험에 자주 출제되는 독해유형을 선별.gohackers.com"" target=""_blank"">www.goHackers.com) 에서 학습 내용의 궁금증을 나누고, 다양한 무료 영어 학습 자료를 함께 이용할 것을 권장합니다.

▶ 함께 제공합니다. 
1) 무료 지문 녹음 MP3 (www.ChampSt하여 각 유형에 맞는 핵심 전략을 제시하고, 그 전략에 비추어 정답과 오답의 당위성을 따져봄으로써 모든 독해시험 유형에 대처할 수 있는 논리력을 배양할 수 있다.

[<b>알아두기</b>] 
《해커스 리딩 인트로》의 학습효과를 극대화하기 위해 토플*IELTS 웹사이트()
2) 무료 단어 암기 MP3 (www.ChampStudy.com)",11463,BOOK
STAR TOEIC Basic : 리스닝 + 리딩 (동영상 강의. MP3 무료제공) (테이프 별매),이상철 (지은이),50003,국내도서>외국어>토익>종합,9788996055310,토익을 처음 시작하는 학습자들을 위해 리딩과 리스닝을 한 권으로 묶어 토익의 전반적인 흐름을 익힐 수 있도록 구성한 합본 교재.,,2369,BOOK
수학비타민 플러스 - 전국 초중고생들의 수학 고민을 한 방에 날려주는 박경미의,박경미 (지은이),51324,국내도서>과학>수학>쉽게 배우는 수학,9788934936350,"박경미 홍익대 교수의 쉽게 이해하는 수학 이야기. &lt;수학비타민&gt; 후속작으로, 역사와 과학, 일상생활에 숨겨진 수에 얽힌 재미있는 이야기를 통해 많은 사람이 어려워하는 수학에 대한 흥미를 일깨운다. 이상한 나라의 앨리스가 달려도 늘 제자리에 있는 이유, 주역과 60갑자, 그리스 철학자들이 수학을 공부한 이유 등 흥미로운 이야기를 통해 수와 기하학, 통계의 원리를 알기 쉽게 배울 수 있다.","재미있고 쉽게 이해하는 수학이야기!

박경미 홍익대 교수의 쉽게 이해하는 수학 이야기. '수학비타민'에 이은 후속작으로, 역사와 과학, 일상생활에 숨겨진 수에 얽힌 재미있는 이야기를 통해 많은 사람이 어려워하는 수학에 대한 흥미를 일깨운다. 묘비에 자신이 발견한 수학 공식을 새길 정도로 수만 생각한 천재 수학자들의 끊임없는 도전과 추리 소설보다 흥미진진한 수학의 비밀들. 우리 주변에서 찾아볼 수 있는 수학에서부터 자연, 문학 작품, 건축, 역사 속에 숨겨진 수학이 무한대로 펼쳐진다.  수학의 출발점이자 가장 중요한 개념인 ‘생활 속의 수’ 이야기에서 시작하여 평면이나 입체 공간과 같이 구체적인 실체를 탐구하는 기하학에 숨겨진 수학 원리, 통계와 확률이 왜 거짓말투성이라 불리는지, 동양 역사 속에 숨겨진 수학의 업적 등이 호기심을 자극하는 이야기들과 함께 펼쳐진다.",9483,BOOK
오즈의 마법사,"라이먼 프랭크 바움, 로버트 사부다 (지은이)",35115,국내도서>유아>놀이책>팝업북/플랩북,9788990954749,"가히 팝업북의 차원을 한 단계 높인 기념비적인 책이라 할 수 있다. 회오리(스크류), 특수안경, 홀로그램 효과, 공중부양 등 독창적인 기법을 선보이고 있으며, 사부다의 팝업북 중 가장 정교하고 밀도 있는 제작물이라 할 수 있다.","세계적인 팝업 아티스트 로버트 사부다가 선보이는 명작 동화『오즈의 마법사』! 원작의 출판 100주년을 기념해 제작된 『오즈의 마법사』는 도로시와 허수아비, 양철 나무꾼, 겁쟁이 사자의 흥미진진한 모험을 7개의 메인 팝업과 24개의 스몰 팝업으로 화려하게 펼쳐 보인다. 책을 펼치자마자 몰아치는 거대한 캔자스의 회오리바람, 순식간에 부풀어 올라 빙글빙글 돌아가는 오즈의 기구, 눈부신 에메랄드 도시에 숨어 있는 특수 안경 등 페이지마다 다양한 볼거리들이 숨어 있어 보는 재미를 더한다. 

☞ 부록으로 증정하는 오디오 CD는 60분 분량으로 성우 강수진 씨와 송덕희, 임명주 씨가 를 녹음한 것이다. 아직 글을 잘 읽지 못하는 3~5세의 어린이에게 들려주면서 팝업북을 장난감처럼 가지고 놀도록 하면 효과적이다.",4033,BOOK
